date,MACD
2020-02-18,6.4810
2020-02-14,6.5447
2020-02-13,6.7706
2020-02-12,6.9777
2020-02-11,6.8861
2020-02-10,6.1527
2020-02-07,5.8470
2020-02-06,5.4466
2020-02-05,5.0472
2020-02-04,4.1525
2020-02-03,3.6516
2020-01-31,3.6424
2020-01-30,3.3964
2020-01-29,2.8458
2020-01-28,2.7338
2020-01-27,2.9645
2020-01-24,3.4836
2020-01-23,3.4480
2020-01-22,3.4868
2020-01-21,3.3623
2020-01-17,3.2279
2020-01-16,2.9340
2020-01-15,2.8288
2020-01-14,2.8295
2020-01-13,2.7109
2020-01-10,2.6860
2020-01-09,2.5069
2020-01-08,2.3425
2020-01-07,2.3943
2020-01-06,2.3859
2020-01-03,2.5686
2020-01-02,2.6382
2019-12-31,2.6418
2019-12-30,2.8125
2019-12-27,2.7639
2019-12-26,2.6145
2019-12-24,2.5791
2019-12-23,2.5036
2019-12-20,2.3057
2019-12-19,2.0980
2019-12-18,2.1434
2019-12-17,2.1397
2019-12-16,1.9867
2019-12-13,1.7971
2019-12-12,1.7326
2019-12-11,1.7738
2019-12-10,1.8118
2019-12-09,1.8593
2019-12-06,1.9154
2019-12-05,1.9672
2019-12-04,2.1005
2019-12-03,2.2309
2019-12-02,2.6346
2019-11-29,2.6718
2019-11-27,2.6509
2019-11-26,2.5622
2019-11-25,2.5105
2019-11-22,2.5464
2019-11-21,2.5481
2019-11-20,2.5815
2019-11-19,2.4938
2019-11-18,2.2876
2019-11-15,2.0737
2019-11-14,1.8865
2019-11-13,1.8146
2019-11-12,1.7250
2019-11-11,1.6324
2019-11-08,1.5861
2019-11-07,1.6424
2019-11-06,1.7047
2019-11-05,1.7054
2019-11-04,1.6204
2019-11-01,1.5026
2019-10-31,1.3884
2019-10-30,1.1573
2019-10-29,0.9861
2019-10-28,0.6961
2019-10-25,0.2833
2019-10-24,0.2675
2019-10-23,0.2383
2019-10-22,0.4531
2019-10-21,0.5080
2019-10-18,0.6236
2019-10-17,0.6286
2019-10-16,0.5048
2019-10-15,0.3556
2019-10-14,0.2344
2019-10-11,0.1140
2019-10-10,-0.0852
2019-10-09,-0.1722
2019-10-08,-0.1758
2019-10-07,-0.1393
2019-10-04,-0.0966
2019-10-03,-0.0012
2019-10-02,0.3040
2019-10-01,0.5568
2019-09-30,0.5240
2019-09-27,0.6386
2019-09-26,0.5617
2019-09-25,0.5276
2019-09-24,0.6740
2019-09-23,0.5598
2019-09-20,0.5211
2019-09-19,0.2827
2019-09-18,0.0467
2019-09-17,0.0441
2019-09-16,0.0809
2019-09-13,0.2418
2019-09-12,0.2450
2019-09-11,0.2385
2019-09-10,0.4242
2019-09-09,0.5644
2019-09-06,0.4511
2019-09-05,0.2551
2019-09-04,0.0950
2019-09-03,0.0734
2019-08-30,0.1151
2019-08-29,-0.0919
2019-08-28,-0.1614
2019-08-27,-0.0064
2019-08-26,0.0377
2019-08-23,0.2360
2019-08-22,0.2617
2019-08-21,0.1411
2019-08-20,-0.0038
2019-08-19,-0.1540
2019-08-16,-0.3074
2019-08-15,-0.1957
2019-08-14,-0.0005
2019-08-13,0.0481
2019-08-12,0.1410
2019-08-09,0.1537
2019-08-08,0.0109
2019-08-07,0.0331
2019-08-06,0.3470
2019-08-05,0.7416
2019-08-02,1.2854
2019-08-01,1.4731
2019-07-31,1.8022
2019-07-30,1.8570
2019-07-29,1.9193
2019-07-26,1.8324
2019-07-25,1.8099
2019-07-24,1.7488
2019-07-23,1.8011
2019-07-22,1.7540
2019-07-19,1.9078
2019-07-18,1.7901
2019-07-17,2.0894
2019-07-16,2.2221
2019-07-15,2.2309
2019-07-12,2.1608
2019-07-11,2.0999
2019-07-10,2.0579
2019-07-09,2.0833
2019-07-08,2.2004
2019-07-05,2.2772
2019-07-03,2.3888
2019-07-02,2.4091
2019-07-01,2.4691
2019-06-28,2.4579
2019-06-27,2.6176
2019-06-26,2.8271
2019-06-25,3.0320
2019-06-24,2.9542
2019-06-21,2.8374
2019-06-20,2.6898
2019-06-19,2.3736
2019-06-18,2.1850
2019-06-17,1.9950
2019-06-14,1.8823
2019-06-13,1.7487
2019-06-12,1.5813
2019-06-11,1.4037
2019-06-10,0.9041
2019-06-07,0.4040
2019-06-06,0.0865
2019-06-05,-0.0399
2019-06-04,-0.0489
2019-06-03,0.3139
2019-05-31,0.5108
2019-05-30,0.7159
2019-05-29,0.8625
2019-05-28,1.0248
2019-05-24,1.0541
2019-05-23,1.0833
2019-05-22,1.1772
2019-05-21,1.2371
2019-05-20,1.2131
2019-05-17,1.2574
2019-05-16,1.1140
2019-05-15,1.0731
2019-05-14,1.2588
2019-05-13,1.5172
2019-05-10,1.8005
2019-05-09,2.0545
2019-05-08,2.4119
2019-05-07,2.7159
2019-05-06,2.9605
2019-05-03,3.2369
2019-05-02,3.4437
2019-05-01,3.5945
2019-04-30,3.4751
2019-04-29,3.3454
2019-04-26,3.1221
2019-04-25,2.8119
2019-04-24,2.3386
2019-04-23,2.1351
2019-04-22,2.0164
2019-04-18,1.9863
2019-04-17,1.9628
2019-04-16,2.0009
2019-04-15,1.9798
2019-04-12,1.9953
2019-04-11,2.0166
2019-04-10,2.0246
2019-04-09,2.0848
2019-04-08,2.2463
2019-04-05,2.2997
2019-04-04,2.3772
2019-04-03,2.3692
2019-04-02,2.3489
2019-04-01,2.3704
2019-03-29,2.3745
2019-03-28,2.4348
2019-03-27,2.5406
2019-03-26,2.5942
2019-03-25,2.5492
2019-03-22,2.6643
2019-03-21,2.4732
2019-03-20,2.4340
2019-03-19,2.3227
2019-03-18,2.0756
2019-03-15,1.9255
2019-03-14,1.7903
2019-03-13,1.6733
2019-03-12,1.5413
2019-03-11,1.4838
2019-03-08,1.5751
2019-03-07,1.8551
2019-03-06,1.9574
2019-03-05,2.0117
2019-03-04,2.0130
2019-03-01,1.9070
2019-02-28,1.7572
2019-02-27,1.6270
2019-02-26,1.4728
2019-02-25,1.2983
2019-02-22,1.0059
2019-02-21,0.7920
2019-02-20,0.8283
2019-02-19,0.7648
2019-02-15,0.6797
2019-02-14,0.5491
2019-02-13,0.5373
2019-02-12,0.3932
2019-02-11,0.3420
2019-02-08,0.2656
2019-02-07,0.3486
2019-02-06,0.3684
2019-02-05,0.2036
2019-02-04,0.0860
2019-02-01,0.2594
2019-01-31,0.3848
2019-01-30,0.5368
2019-01-29,0.6394
2019-01-28,0.7346
2019-01-25,0.7050
2019-01-24,0.5571
2019-01-23,0.3989
2019-01-22,0.2666
2019-01-18,0.0296
2019-01-17,-0.3455
2019-01-16,-0.5688
2019-01-15,-0.8720
2019-01-14,-0.9663
2019-01-11,-1.0106
2019-01-10,-1.1837
2019-01-09,-1.3905
2019-01-08,-1.6993
2019-01-07,-1.9853
2019-01-04,-2.1790
2019-01-03,-2.1990
2019-01-02,-2.2312
2018-12-31,-2.1838
2018-12-28,-2.2688
2018-12-27,-2.4257
2018-12-26,-2.3066
2018-12-24,-1.6974
2018-12-21,-1.1539
2018-12-20,-0.8455
2018-12-19,-0.5842
2018-12-18,-0.3033
2018-12-17,0.0495
2018-12-14,0.3300
2018-12-13,0.3941
2018-12-12,0.3348
2018-12-11,0.1208
2018-12-10,-0.0431
2018-12-07,0.2575
2018-12-06,0.2728
2018-12-04,0.5491
2018-12-03,0.2707
2018-11-30,-0.1966
2018-11-29,-0.5560
2018-11-28,-0.9690
2018-11-27,-1.2336
2018-11-26,-1.3884
2018-11-23,-1.4150
2018-11-21,-1.1618
2018-11-20,-0.9672
2018-11-19,-0.5215
2018-11-16,-0.6038
2018-11-15,-0.5789
2018-11-14,-0.3259
2018-11-13,-0.3148
2018-11-12,-0.2402
2018-11-09,-0.3319
2018-11-08,-0.5896
2018-11-07,-1.0067
2018-11-06,-1.2842
2018-11-05,-1.4099
2018-11-02,-1.4471
2018-11-01,-1.4846
2018-10-31,-1.5690
2018-10-30,-1.4894
2018-10-29,-1.1855
2018-10-26,-1.2329
2018-10-25,-1.0295
2018-10-24,-0.8426
2018-10-23,-0.7811
2018-10-22,-0.6261
2018-10-19,-0.5770
2018-10-18,-0.4661
2018-10-17,-0.4370
2018-10-16,-0.5544
2018-10-15,-0.4783
2018-10-12,-0.3100
2018-10-11,-0.1009
2018-10-10,0.5401
2018-10-09,0.7507
2018-10-08,1.0188
2018-10-05,1.2932
2018-10-04,1.5258
2018-10-03,1.5990
2018-10-02,1.5866
2018-10-01,1.5600
2018-09-28,1.5593
2018-09-27,1.5928
2018-09-26,1.5523
2018-09-25,1.5096
2018-09-24,1.3995
2018-09-21,1.4188
2018-09-20,1.3241
2018-09-19,1.3591
2018-09-18,1.3055
2018-09-17,1.3058
2018-09-14,1.1344
2018-09-13,0.9327
2018-09-12,0.7880
2018-09-11,0.6621
2018-09-10,0.7493
2018-09-07,0.8559
2018-09-06,1.0416
2018-09-05,1.2614
2018-09-04,1.2426
2018-08-31,1.2168
2018-08-30,1.0812
2018-08-29,0.8939
2018-08-28,0.7661
2018-08-27,0.6437
2018-08-24,0.5464
2018-08-23,0.5771
2018-08-22,0.6608
2018-08-21,0.8905
2018-08-20,1.0617
2018-08-17,1.2047
2018-08-16,1.3850
2018-08-15,1.4992
2018-08-14,1.6039
2018-08-13,1.7071
2018-08-10,1.7446
2018-08-09,1.7489
2018-08-08,1.6994
2018-08-07,1.6502
2018-08-06,1.6417
2018-08-03,1.6519
2018-08-02,1.6734
2018-08-01,1.9209
2018-07-31,2.1447
2018-07-30,2.3523
2018-07-27,2.5119
2018-07-26,2.3745
2018-07-25,2.1076
2018-07-24,2.0198
2018-07-23,1.8158
2018-07-20,1.7602
2018-07-19,1.4823
2018-07-18,1.4268
2018-07-17,1.2323
2018-07-16,1.1016
2018-07-13,0.8384
2018-07-12,0.5950
2018-07-11,0.4387
2018-07-10,0.3977
2018-07-09,0.2530
2018-07-06,0.1008
2018-07-05,0.0844
2018-07-03,0.1013
2018-07-02,0.0217
2018-06-29,0.1620
2018-06-28,0.2543
2018-06-27,0.5262
2018-06-26,0.6416
2018-06-25,0.8570
2018-06-22,0.9992
2018-06-21,1.1245
2018-06-20,1.0985
2018-06-19,1.1212
2018-06-18,1.3089
2018-06-15,1.4928
2018-06-14,1.5531
2018-06-13,1.5932
2018-06-12,1.6141
2018-06-11,1.6804
2018-06-08,1.7132
2018-06-07,1.7583
2018-06-06,1.6317
2018-06-05,1.4637
2018-06-04,1.2769
2018-06-01,1.0951
2018-05-31,1.0489
2018-05-30,0.9736
2018-05-29,0.9631
2018-05-25,0.9836
2018-05-24,0.9485
2018-05-23,0.8468
2018-05-22,0.9097
2018-05-21,0.8780
2018-05-18,0.8941
2018-05-17,1.0023
2018-05-16,1.0496
2018-05-15,1.0335
2018-05-14,1.0102
2018-05-11,0.8965
2018-05-10,0.7506
2018-05-09,0.5880
2018-05-08,0.5196
2018-05-07,0.4415
2018-05-04,0.4042
2018-05-03,0.5390
2018-05-02,0.7400
2018-05-01,0.7789
2018-04-30,0.9986
2018-04-27,0.9468
2018-04-26,0.7375
2018-04-25,0.8721
2018-04-24,1.0567
2018-04-23,0.9773
2018-04-20,0.9125
2018-04-19,0.7997
2018-04-18,0.5900
2018-04-17,0.3362
2018-04-16,0.1315
2018-04-13,-0.0369
2018-04-12,-0.2493
2018-04-11,-0.3517
2018-04-10,-0.4347
2018-04-09,-0.5729
2018-04-06,-0.6036
2018-04-05,-0.6797
2018-04-04,-0.8632
2018-04-03,-0.6181
2018-04-02,-0.4718
2018-03-29,-0.3694
2018-03-28,-0.2038
2018-03-27,0.0472
2018-03-26,-0.1544
2018-03-23,0.0313
2018-03-22,0.3810
2018-03-21,0.6420
2018-03-20,0.7964
2018-03-19,0.9695
2018-03-16,1.1062
2018-03-15,1.1689
2018-03-14,1.3489
2018-03-13,1.3972
2018-03-12,1.2471
2018-03-09,1.0883
2018-03-08,0.9930
2018-03-07,0.9608
2018-03-06,1.0186
2018-03-05,0.9576
2018-03-02,1.0693
2018-03-01,1.2737
2018-02-28,1.2708
2018-02-27,1.1620
2018-02-26,0.9146
2018-02-23,0.7219
2018-02-22,0.6335
2018-02-21,0.5828
2018-02-20,0.4148
2018-02-16,0.3477
2018-02-15,0.1576
2018-02-14,0.0390
2018-02-13,0.1619
2018-02-12,0.2737
2018-02-09,0.4322
2018-02-08,0.8762
2018-02-07,1.0830
2018-02-06,1.2517
2018-02-05,1.8155
2018-02-02,2.1349
2018-02-01,2.1979
2018-01-31,2.1293
2018-01-30,2.1167
2018-01-29,2.1156
2018-01-26,1.8961
2018-01-25,1.7941
2018-01-24,1.7044
2018-01-23,1.5565
2018-01-22,1.4112
2018-01-19,1.3988
2018-01-18,1.3482
2018-01-17,1.2988
2018-01-16,1.2901
2018-01-12,1.1563
2018-01-11,1.1144
2018-01-10,1.0997
2018-01-09,1.0924
2018-01-08,0.9868
2018-01-05,0.8834
2018-01-04,0.7936
2018-01-03,0.7763
2018-01-02,0.7975
2017-12-29,0.8058
2017-12-28,0.8551
2017-12-27,0.8781
2017-12-26,0.9201
2017-12-22,0.9950
2017-12-21,1.0669
2017-12-20,1.0770
2017-12-19,1.0589
2017-12-18,1.0052
2017-12-15,0.8436
2017-12-14,0.8144
2017-12-13,0.7480
2017-12-12,0.6209
2017-12-11,0.4933
2017-12-08,0.4272
2017-12-07,0.4038
2017-12-06,0.4791
2017-12-05,0.6690
2017-12-04,0.9230
2017-12-01,0.9202
2017-11-30,0.9867
2017-11-29,1.0664
2017-11-28,1.0304
2017-11-27,1.0347
2017-11-24,1.1025
2017-11-22,1.2035
2017-11-21,1.2314
2017-11-20,1.3602
2017-11-17,1.5393
2017-11-16,1.6723
2017-11-15,1.8197
2017-11-14,1.9437
2017-11-13,2.0707
2017-11-10,2.1863
2017-11-09,2.2889
2017-11-08,2.3539
2017-11-07,2.3997
2017-11-06,2.3590
2017-11-03,2.3307
2017-11-02,2.2731
2017-11-01,2.2407
2017-10-31,2.1332
2017-10-30,1.8957
2017-10-27,1.6322
2017-10-26,1.2039
2017-10-25,1.1662
2017-10-24,1.1642
2017-10-23,1.1121
2017-10-20,1.0203
2017-10-19,0.9565
2017-10-18,0.9375
2017-10-17,0.8894
2017-10-16,0.8355
2017-10-13,0.7596
2017-10-12,0.6345
2017-10-11,0.5774
2017-10-10,0.5095
2017-10-09,0.4184
2017-10-06,0.3327
2017-10-05,0.2491
2017-10-04,0.1845
2017-10-03,0.2236
2017-10-02,0.2020
2017-09-29,0.1675
2017-09-28,0.1994
2017-09-27,0.2780
2017-09-26,0.3731
2017-09-25,0.4770
2017-09-22,0.5598
2017-09-21,0.6676
2017-09-20,0.6814
2017-09-19,0.6647
2017-09-18,0.6480
2017-09-15,0.6152
2017-09-14,0.6051
2017-09-13,0.5660
2017-09-12,0.5151
2017-09-11,0.4599
2017-09-08,0.4286
2017-09-07,0.3804
2017-09-06,0.3795
2017-09-05,0.3668
2017-09-01,0.3859
2017-08-31,0.2651
2017-08-30,0.1764
2017-08-29,0.1645
2017-08-28,0.2242
2017-08-25,0.2148
2017-08-24,0.2199
2017-08-23,0.2355
2017-08-22,0.2296
2017-08-21,0.2808
2017-08-18,0.3299
2017-08-17,0.4081
2017-08-16,0.3686
2017-08-15,0.3372
2017-08-14,0.2668
2017-08-11,0.2270
2017-08-10,0.3206
2017-08-09,0.4059
2017-08-08,0.4731
2017-08-07,0.5684
2017-08-04,0.6094
2017-08-03,0.6937
2017-08-02,0.8125
2017-08-01,0.9157
2017-07-31,0.9781
2017-07-28,1.0231
2017-07-27,1.1299
2017-07-26,1.1387
2017-07-25,1.0744
2017-07-24,1.0316
2017-07-21,0.9895
2017-07-20,0.9295
2017-07-19,0.7651
2017-07-18,0.6133
2017-07-17,0.4524
2017-07-14,0.2701
2017-07-13,0.0904
2017-07-12,-0.0650
2017-07-11,-0.1798
2017-07-10,-0.2535
2017-07-07,-0.2889
2017-07-06,-0.2524
2017-07-05,-0.1585
2017-07-03,-0.0348
2017-06-30,0.0142
2017-06-29,0.1325
2017-06-28,0.2204
2017-06-27,0.3468
2017-06-26,0.4115
2017-06-23,0.3566
2017-06-22,0.4148
2017-06-21,0.4373
2017-06-20,0.4932
2017-06-19,0.4952
2017-06-16,0.5232
2017-06-15,0.6297
2017-06-14,0.8033
2017-06-13,0.8463
2017-06-12,0.9794
2017-06-09,1.2134
2017-06-08,1.2109
2017-06-07,1.1418
2017-06-06,1.0242
2017-06-05,0.8934
2017-06-02,0.7470
2017-06-01,0.7050
2017-05-31,0.6615
2017-05-30,0.5669
2017-05-26,0.5132
2017-05-25,0.4363
2017-05-24,0.4162
2017-05-23,0.3946
2017-05-22,0.3767
2017-05-19,0.4328
2017-05-18,0.5379
2017-05-17,0.6744
2017-05-16,0.6870
2017-05-15,0.7604
2017-05-12,0.8521
2017-05-11,0.9090
2017-05-10,0.9937
2017-05-09,1.0233
2017-05-08,1.0595
2017-05-05,1.0790
2017-05-04,1.0954
2017-05-03,1.0871
2017-05-02,1.0250
2017-05-01,0.8973
2017-04-28,0.8262
2017-04-27,0.6999
2017-04-26,0.6060
2017-04-25,0.4843
2017-04-24,0.3404
2017-04-21,0.1945
2017-04-20,0.1897
2017-04-19,0.2023
2017-04-18,0.1960
2017-04-17,0.2177
2017-04-13,0.2718
2017-04-12,0.3114
2017-04-11,0.3441
2017-04-10,0.3627
2017-04-07,0.3800
2017-04-06,0.3722
2017-04-05,0.3822
2017-04-04,0.3182
2017-04-03,0.3245
2017-03-31,0.2850
2017-03-30,0.2469
2017-03-29,0.2180
2017-03-28,0.2084
2017-03-27,0.2095
2017-03-24,0.2415
2017-03-23,0.2045
2017-03-22,0.1970
2017-03-21,0.2680
2017-03-20,0.2459
2017-03-17,0.2426
2017-03-16,0.2348
2017-03-15,0.2378
2017-03-14,0.2585
2017-03-13,0.2831
2017-03-10,0.2616
2017-03-09,0.2202
2017-03-08,0.1560
2017-03-07,0.1664
2017-03-06,0.1845
2017-03-03,0.2273
2017-03-02,0.2765
2017-03-01,0.2640
2017-02-28,0.3013
2017-02-27,0.3496
2017-02-24,0.3593
2017-02-23,0.3675
2017-02-22,0.3838
2017-02-21,0.4082
2017-02-17,0.4048
2017-02-16,0.4090
2017-02-15,0.3808
2017-02-14,0.3638
2017-02-13,0.3459
2017-02-10,0.3353
2017-02-09,0.3159
2017-02-08,0.3609
2017-02-07,0.4080
2017-02-06,0.4449
2017-02-03,0.5099
2017-02-02,0.5855
2017-02-01,0.6988
2017-01-31,0.7209
2017-01-30,0.6871
2017-01-27,0.5496
2017-01-26,0.3965
2017-01-25,0.3247
2017-01-24,0.2456
2017-01-23,0.2175
2017-01-20,0.2293
2017-01-19,0.2441
2017-01-18,0.3033
2017-01-17,0.3306
2017-01-13,0.3596
2017-01-12,0.3975
2017-01-11,0.3953
2017-01-10,0.4326
2017-01-09,0.4616
2017-01-06,0.4889
2017-01-05,0.5635
2017-01-04,0.6618
2017-01-03,0.7480
2016-12-30,0.8155
2016-12-29,0.8726
2016-12-28,0.9430
2016-12-27,0.9641
2016-12-23,0.9964
2016-12-22,0.9986
2016-12-21,0.9473
2016-12-20,0.9097
2016-12-19,0.8220
2016-12-16,0.8132
2016-12-15,0.7504
2016-12-14,0.6848
2016-12-13,0.5606
2016-12-12,0.4447
2016-12-09,0.3597
2016-12-08,0.3111
2016-12-07,0.2323
2016-12-06,0.2596
2016-12-05,0.2480
2016-12-02,0.3040
2016-12-01,0.4340
2016-11-30,0.4889
2016-11-29,0.4754
2016-11-28,0.4727
2016-11-25,0.4939
2016-11-23,0.5178
2016-11-22,0.4686
2016-11-21,0.4019
2016-11-18,0.3599
2016-11-17,0.2725
2016-11-16,0.1947
2016-11-15,0.2423
2016-11-14,0.3615
2016-11-11,0.4382
2016-11-10,0.6101
2016-11-09,0.5916
2016-11-08,0.6083
2016-11-07,0.5647
2016-11-04,0.5792
2016-11-03,0.7044
2016-11-02,0.7644
2016-11-01,0.8002
2016-10-31,0.8191
2016-10-28,0.8119
2016-10-27,0.8062
2016-10-26,0.7261
2016-10-25,0.5929
2016-10-24,0.4102
2016-10-21,0.2638
2016-10-20,0.0384
2016-10-19,0.0332
2016-10-18,0.0291
2016-10-17,0.0174
2016-10-14,0.0195
2016-10-13,0.0463
2016-10-12,0.1227
2016-10-11,0.1766
2016-10-10,0.1634
2016-10-07,0.1422
2016-10-06,0.1191
2016-10-05,0.0992
2016-10-04,0.1181
2016-10-03,0.1425
2016-09-30,0.1579
2016-09-29,0.1584
2016-09-28,0.1324
2016-09-27,0.0901
2016-09-26,0.1315
2016-09-23,0.1672
2016-09-22,0.1298
2016-09-21,0.0752
2016-09-20,0.0461
2016-09-19,0.0246
2016-09-16,0.0050
2016-09-15,-0.0568
2016-09-14,0.0158
2016-09-13,0.0839
2016-09-12,0.1583
2016-09-09,0.3019
2016-09-08,0.4004
2016-09-07,0.4347
2016-09-06,0.4885
2016-09-02,0.5185
2016-09-01,0.5605
2016-08-31,0.6731
2016-08-30,0.7418
2016-08-29,0.7851
2016-08-26,0.8087
2016-08-25,0.8168
2016-08-24,0.8560
2016-08-23,0.9017
2016-08-22,0.9367
2016-08-19,0.9984
2016-08-18,1.0798
2016-08-17,1.1691
2016-08-16,1.2539
2016-08-15,1.3367
2016-08-12,1.3822
2016-08-11,1.4182
2016-08-10,1.4435
2016-08-09,1.4416
2016-08-08,1.4171
2016-08-05,1.3769
2016-08-04,1.3469
2016-08-03,1.3755
2016-08-02,1.4043
2016-08-01,1.4032
2016-07-29,1.4070
2016-07-28,1.4258
2016-07-27,1.4557
2016-07-26,1.4105
2016-07-25,1.3415
2016-07-22,1.2389
2016-07-21,1.1297
2016-07-20,0.9841
2016-07-19,0.7667
2016-07-18,0.7264
2016-07-15,0.6654
2016-07-14,0.5525
2016-07-13,0.4114
2016-07-12,0.2540
2016-07-11,0.1125
2016-07-08,-0.0250
2016-07-07,-0.1217
2016-07-06,-0.2118
2016-07-05,-0.2586
2016-07-01,-0.3196
2016-06-30,-0.4234
2016-06-29,-0.5079
2016-06-28,-0.5260
2016-06-27,-0.4406
2016-06-24,-0.3435
2016-06-23,-0.2868
2016-06-22,-0.3600
2016-06-21,-0.4279
2016-06-20,-0.4187
2016-06-17,-0.4456
2016-06-16,-0.4501
2016-06-15,-0.3586
2016-06-14,-0.2631
2016-06-13,-0.1497
2016-06-10,0.0299
2016-06-09,0.1090
2016-06-08,0.1116
2016-06-07,0.1114
2016-06-06,0.0870
2016-06-03,0.0801
2016-06-02,0.0303
2016-06-01,-0.0600
2016-05-31,-0.1541
2016-05-27,-0.2537
2016-05-26,-0.3424
2016-05-25,-0.4518
2016-05-24,-0.5837
2016-05-23,-0.6194
2016-05-20,-0.6458
2016-05-19,-0.6578
2016-05-18,-0.6626
2016-05-17,-0.6601
2016-05-16,-0.7735
2016-05-13,-0.8134
2016-05-12,-0.9177
2016-05-11,-1.0129
2016-05-10,-1.1126
2016-05-09,-1.1423
2016-05-06,-1.1798
2016-05-05,-1.1525
2016-05-04,-1.0958
2016-05-03,-1.0044
2016-05-02,-0.9240
2016-04-29,-0.7734
2016-04-28,-0.5037
2016-04-27,-0.2815
2016-04-26,-0.0814
2016-04-25,0.0959
2016-04-22,0.3696
2016-04-21,0.7003
2016-04-20,0.7162
2016-04-19,0.6761
2016-04-18,0.5805
2016-04-15,0.5662
2016-04-14,0.5589
2016-04-13,0.5497
2016-04-12,0.5402
2016-04-11,0.5965
2016-04-08,0.6474
2016-04-07,0.6847
2016-04-06,0.7020
2016-04-05,0.7658
2016-04-04,0.7516
2016-04-01,0.6980
2016-03-31,0.6582
2016-03-30,0.6081
2016-03-29,0.5372
2016-03-28,0.5682
2016-03-24,0.5436
2016-03-23,0.5419
2016-03-22,0.5044
2016-03-21,0.5001
2016-03-18,0.5239
2016-03-17,0.3767
2016-03-16,0.2557
2016-03-15,0.1748
2016-03-14,0.1403
2016-03-11,0.0983
2016-03-10,0.0138
2016-03-09,-0.0872
2016-03-08,-0.1089
2016-03-07,-0.0241
2016-03-04,0.0072
2016-03-03,-0.0385
2016-03-02,-0.1544
2016-03-01,-0.2430
2016-02-29,-0.2060
2016-02-26,-0.1944
2016-02-25,-0.3040
2016-02-24,-0.3509
2016-02-23,-0.2998
2016-02-22,-0.3983
2016-02-19,-0.5120
2016-02-18,-0.6182
2016-02-17,-0.7813
2016-02-16,-0.8927
2016-02-12,-0.9617
2016-02-11,-0.9697
2016-02-10,-0.8060
2016-02-09,-0.7084
2016-02-08,-0.4850
2016-02-05,-0.2468
2016-02-04,-0.1825
2016-02-03,-0.1141
2016-02-02,-0.1421
2016-02-01,-0.2696
2016-01-29,-0.5006
2016-01-28,-0.7730
2016-01-27,-0.8171
2016-01-26,-0.8768
2016-01-25,-0.9179
2016-01-22,-0.9722
2016-01-21,-0.9735
2016-01-20,-0.9192
2016-01-19,-0.7327
2016-01-15,-0.6367
2016-01-14,-0.4876
2016-01-13,-0.3604
2016-01-12,-0.3762
2016-01-11,-0.2849
2016-01-08,-0.1388
2016-01-07,0.0639
2016-01-06,0.2882
2016-01-05,0.4052
2016-01-04,0.4867
2015-12-31,0.6456
2015-12-30,0.6640
2015-12-29,0.6340
2015-12-28,0.6048
2015-12-24,0.6545
2015-12-23,0.6565
2015-12-22,0.6657
2015-12-21,0.7401
2015-12-18,0.8355
2015-12-17,0.8545
2015-12-16,0.8063
2015-12-15,0.8164
2015-12-14,0.8053
2015-12-11,0.9148
2015-12-10,1.0026
2015-12-09,1.0308
2015-12-08,1.0539
2015-12-07,1.0578
2015-12-04,1.0149
2015-12-03,1.1154
2015-12-02,1.0879
2015-12-01,1.0543
2015-11-30,1.0887
2015-11-27,1.1036
2015-11-25,1.1819
2015-11-24,1.2351
2015-11-23,1.3023
2015-11-20,1.3356
2015-11-19,1.3586
2015-11-18,1.3948
2015-11-17,1.5214
2015-11-16,1.6436
2015-11-13,1.7848
2015-11-12,1.9401
2015-11-11,2.0684
2015-11-10,2.1796
2015-11-09,2.2522
2015-11-06,2.2632
2015-11-05,2.2916
2015-11-04,2.2534
2015-11-03,2.2034
2015-11-02,2.2348
2015-10-30,2.2505
2015-10-29,2.1900
2015-10-28,2.0584
2015-10-27,1.8606
2015-10-26,1.5353
2015-10-23,1.2463
2015-10-22,0.8828
2015-10-21,0.8917
2015-10-20,0.8503
2015-10-19,0.8340
2015-10-16,0.8031
2015-10-15,0.7927
2015-10-14,0.7689
2015-10-13,0.7640
2015-10-12,0.7557
2015-10-09,0.6915
2015-10-08,0.5516
2015-10-07,0.4557
2015-10-06,0.2716
2015-10-05,0.1111
2015-10-02,-0.0359
2015-10-01,-0.0727
2015-09-30,-0.1675
2015-09-29,-0.1975
2015-09-28,-0.1810
2015-09-25,-0.2042
2015-09-24,-0.2969
2015-09-23,-0.3061
2015-09-22,-0.3623
2015-09-21,-0.3727
2015-09-18,-0.4050
2015-09-17,-0.4281
2015-09-16,-0.5318
2015-09-15,-0.6238
2015-09-14,-0.6528
2015-09-11,-0.7048
2015-09-10,-0.7313
2015-09-09,-0.7525
2015-09-08,-0.8796
2015-09-04,-0.9364
2015-09-03,-0.9453
2015-09-02,-1.0041
2015-09-01,-0.9454
2015-08-31,-0.8556
2015-08-28,-0.8824
2015-08-27,-0.8762
2015-08-26,-0.8220
2015-08-25,-0.6258
2015-08-24,-0.4228
2015-08-21,0.0578
2015-08-20,0.1766
2015-08-19,0.2473
2015-08-18,0.2616
2015-08-17,0.2699
2015-08-14,0.2796
2015-08-13,0.3165
2015-08-12,0.3051
2015-08-11,0.3746
2015-08-10,0.3937
2015-08-07,0.3991
2015-08-06,0.4572
2015-08-05,0.3904
2015-08-04,0.2719
2015-08-03,0.2419
2015-07-31,0.1767
2015-07-30,0.0594
2015-07-29,0.0137
2015-07-28,0.0427
2015-07-27,0.0607
2015-07-24,0.0463
2015-07-23,0.0301
2015-07-22,0.0743
2015-07-21,0.1123
2015-07-20,0.0227
2015-07-17,-0.0788
2015-07-16,-0.1970
2015-07-15,-0.2900
2015-07-14,-0.3708
2015-07-13,-0.4452
2015-07-10,-0.4853
2015-07-09,-0.5331
2015-07-08,-0.5597
2015-07-07,-0.5541
2015-07-06,-0.5286
2015-07-02,-0.4497
2015-07-01,-0.3955
2015-06-30,-0.3184
2015-06-29,-0.2409
2015-06-26,-0.1720
2015-06-25,-0.1437
2015-06-24,-0.1442
2015-06-23,-0.1061
2015-06-22,-0.1027
2015-06-19,-0.1172
2015-06-18,-0.1810
2015-06-17,-0.2016
2015-06-16,-0.1752
2015-06-15,-0.1002
2015-06-12,-0.0132
2015-06-11,0.0197
2015-06-10,0.0165
2015-06-09,0.1008
2015-06-08,0.2100
2015-06-05,0.2913
2015-06-04,0.3898
2015-06-03,0.4611
2015-06-02,0.4862
2015-06-01,0.5561
2015-05-29,0.6239
2015-05-28,0.6637
2015-05-27,0.6977
2015-05-26,0.8002
2015-05-22,0.9184
2015-05-21,1.0080
2015-05-20,1.1097
2015-05-19,1.2123
2015-05-18,1.3082
2015-05-15,1.3689
2015-05-14,1.3358
2015-05-13,1.3596
2015-05-12,1.3540
2015-05-11,1.4636
2015-05-08,1.5109
2015-05-07,1.5492
2015-05-06,1.7060
2015-05-05,1.7489
2015-05-04,1.7528
2015-05-01,1.6762
2015-04-30,1.5328
2015-04-29,1.3152
2015-04-28,1.0162
2015-04-27,0.7156
2015-04-24,0.3775
2015-04-23,0.1004
2015-04-22,0.0272
2015-04-21,-0.0443
2015-04-20,-0.1684
2015-04-17,-0.1950
2015-04-16,-0.2201
2015-04-15,-0.2774
2015-04-14,-0.3272
2015-04-13,-0.3901
2015-04-10,-0.4239
2015-04-09,-0.4843
2015-04-08,-0.5157
2015-04-07,-0.5696
2015-04-06,-0.6455
2015-04-02,-0.6035
2015-04-01,-0.5739
2015-03-31,-0.5215
2015-03-30,-0.4654
2015-03-27,-0.4197
2015-03-26,-0.3572
2015-03-25,-0.2824
2015-03-24,-0.3560
2015-03-23,-0.4304
2015-03-20,-0.5294
2015-03-19,-0.6154
2015-03-18,-0.6857
2015-03-17,-0.6809
2015-03-16,-0.6588
2015-03-13,-0.6312
2015-03-12,-0.5084
2015-03-11,-0.4084
2015-03-10,-0.3745
2015-03-09,-0.3300
2015-03-06,-0.2521
2015-03-05,-0.2314
2015-03-04,-0.2088
2015-03-03,-0.1709
2015-03-02,-0.1759
2015-02-27,-0.1909
2015-02-26,-0.2542
2015-02-25,-0.3170
2015-02-24,-0.3885
2015-02-23,-0.4944
2015-02-20,-0.5767
2015-02-19,-0.6539
2015-02-18,-0.7093
2015-02-17,-0.8156
2015-02-13,-0.9739
2015-02-12,-1.1018
2015-02-11,-1.1758
2015-02-10,-1.2520
2015-02-09,-1.3403
2015-02-06,-1.3825
2015-02-05,-1.4611
2015-02-04,-1.4933
2015-02-03,-1.4842
2015-02-02,-1.4195
2015-01-30,-1.2103
2015-01-29,-1.0235
2015-01-28,-0.7070
2015-01-27,-0.4770
2015-01-26,-0.1979
2015-01-23,-0.2512
2015-01-22,-0.3522
2015-01-21,-0.3762
2015-01-20,-0.3566
2015-01-16,-0.3630
2015-01-15,-0.2652
2015-01-14,-0.2291
2015-01-13,-0.1531
2015-01-12,-0.1569
2015-01-09,-0.2052
2015-01-08,-0.2831
2015-01-07,-0.2910
2015-01-06,-0.2184
2015-01-05,-0.1633
2015-01-02,-0.0896
2014-12-31,-0.0237
2014-12-30,0.0536
2014-12-29,0.0792
2014-12-26,0.0843
2014-12-24,0.0172
2014-12-23,-0.0920
2014-12-22,-0.2027
2014-12-19,-0.2809
2014-12-18,-0.3613
2014-12-17,-0.3518
2014-12-16,-0.1788
2014-12-15,-0.0419
2014-12-12,0.0011
2014-12-11,0.0987
2014-12-10,0.1913
2014-12-09,0.2558
2014-12-08,0.3822
2014-12-05,0.4209
2014-12-04,0.4072
2014-12-03,0.4276
2014-12-02,0.4423
2014-12-01,0.4139
2014-11-28,0.4693
2014-11-26,0.5262
2014-11-25,0.6379
2014-11-24,0.7539
2014-11-21,0.8574
2014-11-20,0.8722
2014-11-19,0.9822
2014-11-18,1.0411
2014-11-17,1.0533
2014-11-14,1.0251
2014-11-13,0.9405
2014-11-12,0.9136
2014-11-11,0.8915
2014-11-10,0.8207
2014-11-07,0.7387
2014-11-06,0.5959
2014-11-05,0.5129
2014-11-04,0.4055
2014-11-03,0.3134
2014-10-31,0.2332
2014-10-30,0.1223
2014-10-29,0.0421
2014-10-28,-0.0731
2014-10-27,-0.1600
2014-10-24,-0.2534
2014-10-23,-0.4829
2014-10-22,-0.5437
2014-10-21,-0.6522
2014-10-20,-0.7160
2014-10-17,-0.6547
2014-10-16,-0.5811
2014-10-15,-0.4105
2014-10-14,-0.2347
2014-10-13,-0.0955
2014-10-10,0.0887
2014-10-09,0.1413
2014-10-08,0.1147
2014-10-07,0.1830
2014-10-06,0.2288
2014-10-03,0.2574
2014-10-02,0.3045
2014-10-01,0.3754
2014-09-30,0.4156
2014-09-29,0.4508
2014-09-26,0.5288
2014-09-25,0.6257
2014-09-24,0.6436
2014-09-23,0.6826
2014-09-22,0.7000
2014-09-19,0.6662
2014-09-18,0.6632
2014-09-17,0.6723
2014-09-16,0.7076
2014-09-15,0.7291
2014-09-12,0.7308
2014-09-11,0.6845
2014-09-10,0.6329
2014-09-09,0.5496
2014-09-08,0.4710
2014-09-05,0.4096
2014-09-04,0.4179
2014-09-03,0.4601
2014-09-02,0.5287
2014-08-29,0.5169
2014-08-28,0.5290
2014-08-27,0.5713
2014-08-26,0.6017
2014-08-25,0.5900
2014-08-22,0.5573
2014-08-21,0.5126
2014-08-20,0.5000
2014-08-19,0.4258
2014-08-18,0.3625
2014-08-15,0.2795
2014-08-14,0.2062
2014-08-13,0.1605
2014-08-12,0.1406
2014-08-11,0.1782
2014-08-08,0.2013
2014-08-07,0.2309
2014-08-06,0.3051
2014-08-05,0.4055
2014-08-04,0.4696
2014-08-01,0.5793
2014-07-31,0.6865
2014-07-30,0.7960
2014-07-29,0.8539
2014-07-28,0.9316
2014-07-25,0.9715
2014-07-24,1.0144
2014-07-23,0.9903
2014-07-22,0.8921
2014-07-21,0.7997
2014-07-18,0.7148
2014-07-17,0.5870
2014-07-16,0.3338
2014-07-15,0.3052
2014-07-14,0.2825
2014-07-11,0.2607
2014-07-10,0.2819
2014-07-09,0.3386
2014-07-08,0.3438
2014-07-07,0.3567
2014-07-03,0.3803
2014-07-02,0.3885
2014-07-01,0.4116
2014-06-30,0.4219
2014-06-27,0.3974
2014-06-26,0.4173
2014-06-25,0.4041
2014-06-24,0.4047
2014-06-23,0.3864
2014-06-20,0.3676
2014-06-19,0.3673
2014-06-18,0.3489
2014-06-17,0.3167
2014-06-16,0.3031
2014-06-13,0.3067
2014-06-12,0.3008
2014-06-11,0.3184
2014-06-10,0.3240
2014-06-09,0.3163
2014-06-06,0.2652
2014-06-05,0.1870
2014-06-04,0.1750
2014-06-03,0.1958
2014-06-02,0.1799
2014-05-30,0.1213
2014-05-29,0.0957
2014-05-28,0.0921
2014-05-27,0.0872
2014-05-23,0.0675
2014-05-22,0.0302
2014-05-21,-0.0097
2014-05-20,-0.0107
2014-05-19,0.0005
2014-05-16,0.0218
2014-05-15,0.0427
2014-05-14,0.0259
2014-05-13,-0.0173
2014-05-12,-0.0335
2014-05-09,-0.0353
2014-05-08,-0.0168
2014-05-07,0.0275
2014-05-06,0.0958
2014-05-05,0.1745
2014-05-02,0.2490
2014-05-01,0.2600
2014-04-30,0.2773
2014-04-29,0.2792
2014-04-28,0.2062
2014-04-25,0.2079
2014-04-24,0.1916
2014-04-23,0.2241
2014-04-22,0.2369
2014-04-21,0.2528
2014-04-17,0.2521
2014-04-16,0.2597
2014-04-15,0.2607
2014-04-14,0.3313
2014-04-11,0.4402
2014-04-10,0.5838
2014-04-09,0.6121
2014-04-08,0.6913
2014-04-07,0.8005
2014-04-04,0.9070
2014-04-03,0.8983
2014-04-02,0.8700
2014-04-01,0.8061
2014-03-31,0.7423
2014-03-28,0.7233
2014-03-27,0.7538
2014-03-26,0.7868
2014-03-25,0.7421
2014-03-24,0.6560
2014-03-21,0.5691
2014-03-20,0.4112
2014-03-19,0.3534
2014-03-18,0.2521
2014-03-17,0.2423
2014-03-14,0.2629
2014-03-13,0.3107
2014-03-12,0.2890
2014-03-11,0.3201
2014-03-10,0.3481
2014-03-07,0.3666
2014-03-06,0.3552
2014-03-05,0.3498
2014-03-04,0.3267
2014-03-03,0.2975
2014-02-28,0.2844
2014-02-27,0.2574
2014-02-26,0.2732
2014-02-25,0.2762
2014-02-24,0.2729
2014-02-21,0.2566
2014-02-20,0.2066
2014-02-19,0.1774
2014-02-18,0.1733
2014-02-14,0.1237
2014-02-13,0.0830
2014-02-12,0.0360
2014-02-11,-0.0265
2014-02-10,-0.0580
2014-02-07,-0.0720
2014-02-06,-0.0573
2014-02-05,0.0153
2014-02-04,0.0579
2014-02-03,0.0422
2014-01-31,-0.0570
2014-01-30,-0.1022
2014-01-29,-0.1422
2014-01-28,-0.1086
2014-01-27,-0.0785
2014-01-24,-0.1153
2014-01-23,-0.2196
2014-01-22,-0.2111
2014-01-21,-0.2145
2014-01-17,-0.2727
2014-01-16,-0.3440
2014-01-15,-0.4158
2014-01-14,-0.4210
2014-01-13,-0.3023
2014-01-10,-0.2747
2014-01-09,-0.2263
2014-01-08,-0.1593
2014-01-07,-0.0836
2014-01-06,-0.0188
2014-01-03,0.0106
2014-01-02,0.0124
2013-12-31,-0.0007
2013-12-30,-0.0226
2013-12-27,-0.0319
2013-12-26,-0.0799
2013-12-24,-0.1013
2013-12-23,-0.0783
2013-12-20,-0.0570
2013-12-19,0.0331
2013-12-18,0.1161
2013-12-17,0.2357
2013-12-16,0.3258
2013-12-13,0.4574
2013-12-12,0.5485
2013-12-11,0.6344
2013-12-10,0.6921
2013-12-09,0.6996
2013-12-06,0.7042
2013-12-05,0.7140
2013-12-04,0.6723
2013-12-03,0.6745
2013-12-02,0.6746
2013-11-29,0.6701
2013-11-27,0.6820
2013-11-26,0.7128
2013-11-25,0.7417
2013-11-22,0.7311
2013-11-21,0.7483
2013-11-20,0.7852
2013-11-19,0.8617
2013-11-18,0.9488
2013-11-15,0.9952
2013-11-14,0.9790
2013-11-13,0.9521
2013-11-12,0.9946
2013-11-11,0.9936
2013-11-08,0.9463
2013-11-07,0.8743
2013-11-06,0.7401
2013-11-05,0.6314
2013-11-04,0.6310
2013-11-01,0.6418
2013-10-31,0.6380
2013-10-30,0.6249
2013-10-29,0.6124
2013-10-28,0.5773
2013-10-25,0.5261
2013-10-24,0.4257
2013-10-23,0.5011
2013-10-22,0.5360
2013-10-21,0.5046
2013-10-18,0.4613
2013-10-17,0.4155
2013-10-16,0.3887
2013-10-15,0.3336
2013-10-14,0.2513
2013-10-11,0.2210
2013-10-10,0.2015
2013-10-09,0.2114
2013-10-08,0.2453
2013-10-07,0.2606
2013-10-04,0.2469
2013-10-03,0.2165
2013-10-02,0.1553
2013-10-01,0.1279
2013-09-30,0.0920
2013-09-27,0.0805
2013-09-26,0.0769
2013-09-25,0.0956
2013-09-24,0.1334
2013-09-23,0.1409
2013-09-20,0.1821
2013-09-19,0.1435
2013-09-18,0.0850
2013-09-17,0.0589
2013-09-16,-0.0190
2013-09-13,-0.1141
2013-09-12,-0.1716
2013-09-11,-0.2375
2013-09-10,-0.3029
2013-09-09,-0.3138
2013-09-06,-0.2539
2013-09-05,-0.1828
2013-09-04,-0.0681
2013-09-03,0.0498
2013-08-30,0.1629
2013-08-29,0.1400
2013-08-28,0.1535
2013-08-27,0.1216
2013-08-26,0.0664
2013-08-23,-0.0951
2013-08-22,-0.3782
2013-08-21,-0.4302
2013-08-20,-0.4317
2013-08-19,-0.4101
2013-08-16,-0.4091
2013-08-15,-0.4049
2013-08-14,-0.4151
2013-08-13,-0.4363
2013-08-12,-0.4946
2013-08-09,-0.5569
2013-08-08,-0.6597
2013-08-07,-0.7275
2013-08-06,-0.7321
2013-08-05,-0.7284
2013-08-02,-0.7487
2013-08-01,-0.7423
2013-07-31,-0.7610
2013-07-30,-0.7646
2013-07-29,-0.7388
2013-07-26,-0.6636
2013-07-25,-0.5365
2013-07-24,-0.4032
2013-07-23,-0.2694
2013-07-22,-0.0820
2013-07-19,0.1798
2013-07-18,0.4401
2013-07-17,0.4278
2013-07-16,0.3428
2013-07-15,0.2629
2013-07-12,0.1928
2013-07-11,0.1086
2013-07-10,0.0586
2013-07-09,0.0612
2013-07-08,0.0391
2013-07-05,0.0338
2013-07-03,0.0530
2013-07-02,0.1206
2013-07-01,0.1286
2013-06-28,0.1024
2013-06-27,0.1052
2013-06-26,0.0929
2013-06-25,0.1166
2013-06-24,0.1492
2013-06-21,0.3048
2013-06-20,0.4256
2013-06-19,0.5125
2013-06-18,0.5447
2013-06-17,0.5768
2013-06-14,0.6380
2013-06-13,0.7210
2013-06-12,0.7717
2013-06-11,0.8099
2013-06-10,0.8561
2013-06-07,0.8557
2013-06-06,0.8692
2013-06-05,0.9156
2013-06-04,0.9859
2013-06-03,0.9574
2013-05-31,0.9784
2013-05-30,1.0012
2013-05-29,1.0126
2013-05-28,1.0237
2013-05-24,1.0555
2013-05-23,1.1317
2013-05-22,1.1810
2013-05-21,1.1696
2013-05-20,1.1065
2013-05-17,1.0476
2013-05-16,1.0182
2013-05-15,1.0157
2013-05-14,1.0172
2013-05-13,1.0644
2013-05-10,1.1345
2013-05-09,1.2015
2013-05-08,1.2511
2013-05-07,1.2742
2013-05-06,1.2258
2013-05-03,1.1696
2013-05-02,1.1001
2013-05-01,1.0566
2013-04-30,0.9551
2013-04-29,0.8493
2013-04-26,0.7794
2013-04-25,0.6686
2013-04-24,0.5368
2013-04-23,0.4717
2013-04-22,0.3746
2013-04-19,0.2861
2013-04-18,0.2371
2013-04-17,0.2393
2013-04-16,0.2488
2013-04-15,0.2523
2013-04-12,0.2785
2013-04-11,0.2876
2013-04-10,0.2695
2013-04-09,0.1946
2013-04-08,0.1817
2013-04-05,0.1626
2013-04-04,0.1879
2013-04-03,0.2000
2013-04-02,0.1760
2013-04-01,0.1590
2013-03-28,0.1299
2013-03-27,0.1235
2013-03-26,0.1319
2013-03-25,0.1304
2013-03-22,0.1206
2013-03-21,0.1175
2013-03-20,0.1199
2013-03-19,0.0979
2013-03-18,0.0908
2013-03-15,0.1048
2013-03-14,0.1058
2013-03-13,0.1087
2013-03-12,0.1241
2013-03-11,0.1449
2013-03-08,0.1593
2013-03-07,0.1437
2013-03-06,0.1359
2013-03-05,0.1138
2013-03-04,0.0759
2013-03-01,0.0711
2013-02-28,0.0773
2013-02-27,0.0677
2013-02-26,0.1013
2013-02-25,0.1469
2013-02-22,0.1428
2013-02-21,0.1650
2013-02-20,0.1848
2013-02-19,0.1677
2013-02-15,0.1689
2013-02-14,0.1518
2013-02-13,0.1398
2013-02-12,0.1216
2013-02-11,0.1016
2013-02-08,0.0980
2013-02-07,0.1225
2013-02-06,0.1520
2013-02-05,0.1845
2013-02-04,0.1988
2013-02-01,0.1886
2013-01-31,0.1933
2013-01-30,0.1843
2013-01-29,0.1477
2013-01-28,0.1182
2013-01-25,0.0594
2013-01-24,0.0274
2013-01-23,-0.0262
2013-01-22,-0.0432
2013-01-18,-0.0745
2013-01-17,-0.0931
2013-01-16,-0.1245
2013-01-15,-0.1588
2013-01-14,-0.1676
2013-01-11,-0.1836
2013-01-10,-0.1595
2013-01-09,-0.1428
2013-01-08,-0.1266
2013-01-07,-0.1070
2013-01-04,-0.0825
2013-01-03,-0.1010
2013-01-02,-0.1597
2012-12-31,-0.1937
2012-12-28,-0.1670
2012-12-27,-0.1428
2012-12-26,-0.1281
2012-12-24,-0.1217
2012-12-21,-0.1291
2012-12-20,-0.1622
2012-12-19,-0.1928
2012-12-18,-0.2628
2012-12-17,-0.3034
2012-12-14,-0.3040
2012-12-13,-0.3329
2012-12-12,-0.3864
2012-12-11,-0.4703
2012-12-10,-0.5218
2012-12-07,-0.5301
2012-12-06,-0.5594
2012-12-05,-0.5876
2012-12-04,-0.5713
2012-12-03,-0.5544
2012-11-30,-0.5532
2012-11-29,-0.5712
2012-11-28,-0.5920
2012-11-27,-0.5997
2012-11-26,-0.6364
2012-11-23,-0.6924
2012-11-21,-0.7222
2012-11-20,-0.6968
2012-11-19,-0.6594
2012-11-16,-0.6061
2012-11-15,-0.5159
2012-11-14,-0.4148
2012-11-13,-0.3163
2012-11-12,-0.1636
2012-11-09,-0.1619
2012-11-08,-0.1511
2012-11-07,-0.1597
2012-11-06,-0.2100
2012-11-05,-0.3007
2012-11-02,-0.3918
2012-11-01,-0.4992
2012-10-31,-0.5527
2012-10-26,-0.5835
2012-10-25,-0.5440
2012-10-24,-0.5192
2012-10-23,-0.4770
2012-10-22,-0.3760
2012-10-19,-0.3399
2012-10-18,-0.3215
2012-10-17,-0.3543
2012-10-16,-0.3555
2012-10-15,-0.3670
2012-10-12,-0.3683
2012-10-11,-0.3238
2012-10-10,-0.2873
2012-10-09,-0.2299
2012-10-08,-0.2072
2012-10-05,-0.1712
2012-10-04,-0.1829
2012-10-03,-0.1671
2012-10-02,-0.1236
2012-10-01,-0.0591
2012-09-28,0.0107
2012-09-27,0.0621
2012-09-26,0.1277
2012-09-25,0.1984
2012-09-24,0.2176
2012-09-21,0.2338
2012-09-20,0.2073
2012-09-19,0.2194
2012-09-18,0.2173
2012-09-17,0.2105
2012-09-14,0.1895
2012-09-13,0.1784
2012-09-12,0.1738
2012-09-11,0.1602
2012-09-10,0.1661
2012-09-07,0.1570
2012-09-06,0.1216
2012-09-05,0.1297
2012-09-04,0.1667
2012-08-31,0.1880
2012-08-30,0.1972
2012-08-29,0.2132
2012-08-28,0.2181
2012-08-27,0.2163
2012-08-24,0.1875
2012-08-23,0.2171
2012-08-22,0.2376
2012-08-21,0.2399
2012-08-20,0.2220
2012-08-17,0.1899
2012-08-16,0.1360
2012-08-15,0.1221
2012-08-14,0.1281
2012-08-13,0.1146
2012-08-10,0.0905
2012-08-09,0.0433
2012-08-08,-0.0065
2012-08-07,-0.0516
2012-08-06,-0.0941
2012-08-03,-0.1399
2012-08-02,-0.1484
2012-08-01,-0.1246
2012-07-31,-0.1311
2012-07-30,-0.1262
2012-07-27,-0.1457
2012-07-26,-0.1409
2012-07-25,-0.1074
2012-07-24,-0.0640
2012-07-23,-0.0076
2012-07-20,0.0308
2012-07-19,-0.0663
2012-07-18,-0.1392
2012-07-17,-0.1377
2012-07-16,-0.1378
2012-07-13,-0.1197
2012-07-12,-0.0215
2012-07-11,0.0644
2012-07-10,0.1162
2012-07-09,0.1429
2012-07-06,0.1707
2012-07-05,0.1540
2012-07-03,0.1324
2012-07-02,0.1395
2012-06-29,0.1069
2012-06-28,0.0810
2012-06-27,0.0947
2012-06-26,0.0893
2012-06-25,0.1006
2012-06-22,0.0829
2012-06-21,0.0591
2012-06-20,-0.0392
2012-06-19,-0.1612
2012-06-18,-0.2392
2012-06-15,-0.3148
2012-06-14,-0.3661
2012-06-13,-0.3997
2012-06-12,-0.4257
2012-06-11,-0.4403
2012-06-08,-0.5168
2012-06-07,-0.5540
2012-06-06,-0.6371
2012-06-05,-0.6566
2012-06-04,-0.6342
2012-06-01,-0.6076
2012-05-31,-0.5791
2012-05-30,-0.5893
2012-05-29,-0.5988
2012-05-25,-0.6053
2012-05-24,-0.5864
2012-05-23,-0.5497
2012-05-22,-0.5142
2012-05-21,-0.4960
2012-05-18,-0.4056
2012-05-17,-0.3545
2012-05-16,-0.3045
2012-05-15,-0.2688
2012-05-14,-0.2529
2012-05-11,-0.2473
2012-05-10,-0.2234
2012-05-09,-0.2068
2012-05-08,-0.1145
2012-05-07,-0.0245
2012-05-04,0.0683
2012-05-03,0.1094
2012-05-02,0.1165
2012-05-01,0.1270
2012-04-30,0.1180
2012-04-27,0.1121
2012-04-26,0.0886
2012-04-25,0.0573
2012-04-24,0.0369
2012-04-23,-0.0192
2012-04-20,-0.1007
2012-04-19,-0.1869
2012-04-18,-0.1905
2012-04-17,-0.2075
2012-04-16,-0.2251
2012-04-13,-0.2159
2012-04-12,-0.1908
2012-04-11,-0.1143
2012-04-10,-0.0098
2012-04-09,0.0595
2012-04-05,0.1309
2012-04-04,0.2272
2012-04-03,0.2948
2012-04-02,0.3260
2012-03-30,0.3549
2012-03-29,0.3683
2012-03-28,0.4147
2012-03-27,0.4210
2012-03-26,0.4098
2012-03-23,0.4363
2012-03-22,0.4729
2012-03-21,0.5423
2012-03-20,0.6077
2012-03-19,0.6682
2012-03-16,0.6913
2012-03-15,0.6725
2012-03-14,0.6510
2012-03-13,0.6406
2012-03-12,0.6475
2012-03-09,0.6744
2012-03-08,0.6856
2012-03-07,0.6961
2012-03-06,0.7371
2012-03-05,0.7918
2012-03-02,0.8024
2012-03-01,0.7737
2012-02-29,0.7644
2012-02-28,0.7461
2012-02-27,0.7601
2012-02-24,0.7844
2012-02-23,0.7795
2012-02-22,0.7904
2012-02-21,0.7674
2012-02-17,0.7543
2012-02-16,0.7246
2012-02-15,0.7668
2012-02-14,0.8075
2012-02-13,0.8476
2012-02-10,0.8560
2012-02-09,0.8533
2012-02-08,0.8332
2012-02-07,0.8383
2012-02-06,0.8439
2012-02-03,0.8498
2012-02-02,0.8349
2012-02-01,0.8281
2012-01-31,0.8186
2012-01-30,0.8078
2012-01-27,0.8526
2012-01-26,0.8484
2012-01-25,0.8145
2012-01-24,0.8143
2012-01-23,0.7614
2012-01-20,0.6748
2012-01-19,0.6287
2012-01-18,0.6280
2012-01-17,0.6026
2012-01-13,0.5524
2012-01-12,0.5280
2012-01-11,0.4953
2012-01-10,0.4912
2012-01-09,0.4279
2012-01-06,0.3286
2012-01-05,0.2501
2012-01-04,0.1616
2012-01-03,0.1032
2011-12-30,0.0547
2011-12-29,0.0480
2011-12-28,0.0438
2011-12-27,0.0215
2011-12-23,0.0081
2011-12-22,-0.0041
2011-12-21,-0.0105
2011-12-20,-0.0378
2011-12-19,-0.0568
2011-12-16,-0.0966
2011-12-15,-0.1103
2011-12-14,-0.1312
2011-12-13,-0.1561
2011-12-12,-0.1886
2011-12-09,-0.1927
2011-12-08,-0.2064
2011-12-07,-0.2167
2011-12-06,-0.2462
2011-12-05,-0.2944
2011-12-02,-0.3486
2011-12-01,-0.3934
2011-11-30,-0.4417
2011-11-29,-0.4777
2011-11-28,-0.4607
2011-11-25,-0.4445
2011-11-23,-0.3603
2011-11-22,-0.2710
2011-11-21,-0.1816
2011-11-18,-0.1005
2011-11-17,-0.0200
2011-11-16,0.0291
2011-11-15,0.0446
2011-11-14,0.0545
2011-11-11,0.0337
2011-11-10,0.0373
2011-11-09,0.0525
2011-11-08,0.0589
2011-11-07,0.0235
2011-11-04,0.0594
2011-11-03,0.0870
2011-11-02,0.1353
2011-11-01,0.2092
2011-10-31,0.2913
2011-10-28,0.3344
2011-10-27,0.3452
2011-10-26,0.3551
2011-10-25,0.3728
2011-10-24,0.3848
2011-10-21,0.3965
2011-10-20,0.3966
2011-10-19,0.3797
2011-10-18,0.3414
2011-10-17,0.3314
2011-10-14,0.2961
2011-10-13,0.2267
2011-10-12,0.1909
2011-10-11,0.0997
2011-10-10,0.0143
2011-10-07,-0.0663
2011-10-06,-0.1438
2011-10-05,-0.1959
2011-10-04,-0.2106
2011-10-03,-0.1123
2011-09-30,-0.0279
2011-09-29,0.0313
2011-09-28,0.0270
2011-09-27,0.0262
2011-09-26,0.0523
2011-09-23,0.1327
2011-09-22,0.2629
2011-09-21,0.3846
2011-09-20,0.3561
2011-09-19,0.2881
2011-09-16,0.2490
2011-09-15,0.1700
2011-09-14,0.0994
2011-09-13,0.0648
2011-09-12,0.0451
2011-09-09,0.0514
2011-09-08,0.0185
2011-09-07,-0.0238
2011-09-06,-0.0459
2011-09-02,-0.0235
2011-09-01,-0.0536
2011-08-31,-0.1605
2011-08-30,-0.2773
2011-08-29,-0.3653
2011-08-26,-0.4520
2011-08-25,-0.4523
2011-08-24,-0.5040
2011-08-23,-0.5189
2011-08-22,-0.4673
2011-08-19,-0.4343
2011-08-18,-0.3848
2011-08-17,-0.3324
2011-08-16,-0.3299
2011-08-15,-0.3184
2011-08-12,-0.3015
2011-08-11,-0.2645
2011-08-10,-0.1492
2011-08-09,-0.0456
2011-08-08,0.1116
2011-08-05,0.2791
2011-08-04,0.3921
2011-08-03,0.4736
2011-08-02,0.5402
2011-08-01,0.6021
2011-07-29,0.6184
2011-07-28,0.6292
2011-07-27,0.6572
2011-07-26,0.6233
2011-07-25,0.5770
2011-07-22,0.5667
2011-07-21,0.5859
2011-07-20,0.5836
2011-07-19,0.5477
2011-07-18,0.5419
2011-07-15,0.5448
2011-07-14,0.5570
2011-07-13,0.5491
2011-07-12,0.5331
2011-07-11,0.5099
2011-07-08,0.4659
2011-07-07,0.4111
2011-07-06,0.3402
2011-07-05,0.2977
2011-07-01,0.2259
2011-06-30,0.1483
2011-06-29,0.0665
2011-06-28,-0.0359
2011-06-27,-0.1244
2011-06-24,-0.1265
2011-06-23,-0.1558
2011-06-22,-0.1839
2011-06-21,-0.2333
2011-06-20,-0.2849
2011-06-17,-0.3110
2011-06-16,-0.3448
2011-06-15,-0.3351
2011-06-14,-0.3433
2011-06-13,-0.3793
2011-06-10,-0.3678
2011-06-09,-0.3712
2011-06-08,-0.3691
2011-06-07,-0.3499
2011-06-06,-0.3396
2011-06-03,-0.3175
2011-06-02,-0.2847
2011-06-01,-0.2834
2011-05-31,-0.3285
2011-05-27,-0.3784
2011-05-26,-0.4079
2011-05-25,-0.4061
2011-05-24,-0.3796
2011-05-23,-0.3433
2011-05-20,-0.2930
2011-05-19,-0.2764
2011-05-18,-0.2644
2011-05-17,-0.2128
2011-05-16,-0.1300
2011-05-13,-0.0799
2011-05-12,-0.0475
2011-05-11,-0.0125
2011-05-10,0.0018
2011-05-09,0.0475
2011-05-06,0.0623
2011-05-05,0.0529
2011-05-04,0.0421
2011-05-03,0.0481
2011-05-02,0.0806
2011-04-29,0.0861
2011-04-28,0.0299
2011-04-27,-0.0331
2011-04-26,-0.0968
2011-04-25,-0.1196
2011-04-21,-0.1287
2011-04-20,-0.1619
2011-04-19,-0.1764
2011-04-18,-0.1373
2011-04-15,-0.0957
2011-04-14,-0.0778
2011-04-13,-0.0498
2011-04-12,-0.0367
2011-04-11,-0.0378
2011-04-08,-0.0753
2011-04-07,-0.1200
2011-04-06,-0.1772
2011-04-05,-0.2264
2011-04-04,-0.2697
2011-04-01,-0.2833
2011-03-31,-0.3047
2011-03-30,-0.3347
2011-03-29,-0.3681
2011-03-28,-0.3789
2011-03-25,-0.4198
2011-03-24,-0.4934
2011-03-23,-0.5466
2011-03-22,-0.5688
2011-03-21,-0.5960
2011-03-18,-0.6098
2011-03-17,-0.6064
2011-03-16,-0.5932
2011-03-15,-0.5840
2011-03-14,-0.5495
2011-03-11,-0.5392
2011-03-10,-0.5101
2011-03-09,-0.4870
2011-03-08,-0.4697
2011-03-07,-0.4367
2011-03-04,-0.4249
2011-03-03,-0.4129
2011-03-02,-0.3955
2011-03-01,-0.3524
2011-02-28,-0.3421
2011-02-25,-0.3331
2011-02-24,-0.3392
2011-02-23,-0.3146
2011-02-22,-0.2674
2011-02-18,-0.2287
2011-02-17,-0.2117
2011-02-16,-0.1705
2011-02-15,-0.1237
2011-02-14,-0.0610
2011-02-11,0.0030
2011-02-10,0.0281
2011-02-09,0.0425
2011-02-08,0.0338
2011-02-07,0.0313
2011-02-04,0.0582
2011-02-03,0.1020
2011-02-02,0.1293
2011-02-01,0.1659
2011-01-31,0.2234
2011-01-28,0.2966
2011-01-27,0.2711
2011-01-26,0.2495
2011-01-25,0.2427
2011-01-24,0.2681
2011-01-21,0.3089
2011-01-20,0.3178
2011-01-19,0.3143
2011-01-18,0.3094
2011-01-14,0.3292
2011-01-13,0.3578
2011-01-12,0.3636
2011-01-11,0.3872
2011-01-10,0.4034
2011-01-07,0.4122
2011-01-06,0.3788
2011-01-05,0.3916
2011-01-04,0.4166
2011-01-03,0.4383
2010-12-31,0.4485
2010-12-30,0.4804
2010-12-29,0.5020
2010-12-28,0.5201
2010-12-27,0.5327
2010-12-23,0.5256
2010-12-22,0.5243
2010-12-21,0.5109
2010-12-20,0.5027
2010-12-17,0.4747
2010-12-16,0.4351
2010-12-15,0.3946
2010-12-14,0.3605
2010-12-13,0.3342
2010-12-10,0.2997
2010-12-09,0.2596
2010-12-08,0.1954
2010-12-07,0.1565
2010-12-06,0.0791
2010-12-03,-0.0056
2010-12-02,-0.1014
2010-12-01,-0.1642
2010-11-30,-0.1737
2010-11-29,-0.1304
2010-11-26,-0.0874
2010-11-24,-0.0334
2010-11-23,0.0371
2010-11-22,0.0889
2010-11-19,0.1455
2010-11-18,0.2004
2010-11-17,0.2767
2010-11-16,0.3507
2010-11-15,0.4259
2010-11-12,0.4861
2010-11-11,0.5415
2010-11-10,0.5831
2010-11-09,0.5940
2010-11-08,0.6198
2010-11-05,0.6568
2010-11-04,0.6446
2010-11-03,0.5953
2010-11-02,0.5318
2010-11-01,0.4705
2010-10-29,0.4037
2010-10-28,0.2852
2010-10-27,0.2254
2010-10-26,0.1886
2010-10-25,0.2071
2010-10-22,0.2155
2010-10-21,0.2068
2010-10-20,0.1876
2010-10-19,0.1797
2010-10-18,0.1660
2010-10-15,0.1135
2010-10-14,0.0683
2010-10-13,0.0166
2010-10-12,-0.0220
2010-10-11,-0.0333
2010-10-08,-0.0565
2010-10-07,-0.0729
2010-10-06,-0.0929
2010-10-05,-0.0865
2010-10-04,-0.0353
2010-10-01,0.0254
2010-09-30,0.0486
2010-09-29,0.0652
2010-09-28,0.0835
2010-09-27,0.0884
2010-09-24,0.0892
2010-09-23,0.1093
2010-09-22,0.1465
2010-09-21,0.1533
2010-09-20,0.1057
2010-09-17,0.0578
2010-09-16,-0.0165
2010-09-15,-0.0765
2010-09-14,-0.1560
2010-09-13,-0.2491
2010-09-10,-0.2788
2010-09-09,-0.2903
2010-09-08,-0.3220
2010-09-07,-0.3457
2010-09-03,-0.3739
2010-09-02,-0.4187
2010-09-01,-0.4331
2010-08-31,-0.4238
2010-08-30,-0.3987
2010-08-27,-0.3752
2010-08-26,-0.3539
2010-08-25,-0.3429
2010-08-24,-0.3148
2010-08-23,-0.2834
2010-08-20,-0.2750
2010-08-19,-0.2469
2010-08-18,-0.2391
2010-08-17,-0.2318
2010-08-16,-0.2221
2010-08-13,-0.1708
2010-08-12,-0.1019
2010-08-11,-0.0196
2010-08-10,0.0593
2010-08-09,0.0929
2010-08-06,0.1120
2010-08-05,0.1725
2010-08-04,0.2157
2010-08-03,0.2004
2010-08-02,0.1729
2010-07-30,0.1567
2010-07-29,0.1582
2010-07-28,0.1190
2010-07-27,0.0734
2010-07-26,0.0071
2010-07-23,-0.0492
2010-07-22,-0.1184
2010-07-21,-0.1713
2010-07-20,-0.2454
2010-07-19,-0.2612
2010-07-16,-0.2877
2010-07-15,-0.3734
2010-07-14,-0.4763
2010-07-13,-0.6006
2010-07-12,-0.7140
2010-07-09,-0.7760
2010-07-08,-0.8337
2010-07-07,-0.9227
2010-07-06,-0.9435
2010-07-02,-0.9440
2010-07-01,-0.8963
2010-06-30,-0.7950
2010-06-29,-0.6755
2010-06-28,-0.5976
2010-06-25,-0.5281
2010-06-24,-0.4868
2010-06-23,-0.4688
2010-06-22,-0.4715
2010-06-21,-0.5068
2010-06-18,-0.6076
2010-06-17,-0.6857
2010-06-16,-0.7947
2010-06-15,-0.9131
2010-06-14,-0.9777
2010-06-11,-1.0571
2010-06-10,-1.0596
2010-06-09,-1.0566
2010-06-08,-1.0464
2010-06-07,-1.0214
2010-06-04,-1.0325
2010-06-03,-1.0602
2010-06-02,-1.1260
2010-06-01,-1.1437
2010-05-28,-1.0958
2010-05-27,-1.0501
2010-05-26,-0.9654
2010-05-25,-0.8941
2010-05-24,-0.7311
2010-05-21,-0.6346
2010-05-20,-0.4797
2010-05-19,-0.3790
2010-05-18,-0.3334
2010-05-17,-0.3061
2010-05-14,-0.2922
2010-05-13,-0.2784
2010-05-12,-0.2628
2010-05-11,-0.2106
2010-05-10,-0.1104
2010-05-07,-0.0144
2010-05-06,0.1165
2010-05-05,0.2146
2010-05-04,0.3184
2010-05-03,0.3698
2010-04-30,0.4149
2010-04-29,0.4256
2010-04-28,0.4474
2010-04-27,0.4696
2010-04-26,0.4882
2010-04-23,0.4997
2010-04-22,0.4949
2010-04-21,0.4897
2010-04-20,0.4464
2010-04-19,0.3958
2010-04-16,0.3714
2010-04-15,0.3327
2010-04-14,0.2755
2010-04-13,0.2015
2010-04-12,0.1693
2010-04-09,0.1155
2010-04-08,0.0758
2010-04-07,0.0881
2010-04-06,0.1188
2010-04-05,0.1573
2010-04-01,0.2062
2010-03-31,0.2431
2010-03-30,0.2573
2010-03-29,0.2726
2010-03-26,0.2801
2010-03-25,0.2468
2010-03-24,0.2242
2010-03-23,0.2063
2010-03-22,0.1938
2010-03-19,0.1841
2010-03-18,0.1425
2010-03-17,0.1010
2010-03-16,0.0594
2010-03-15,0.0136
2010-03-12,-0.0206
2010-03-11,-0.0782
2010-03-10,-0.1068
2010-03-09,-0.1387
2010-03-08,-0.1468
2010-03-05,-0.1510
2010-03-04,-0.1684
2010-03-03,-0.1678
2010-03-02,-0.1696
2010-03-01,-0.2276
2010-02-26,-0.2667
2010-02-25,-0.3005
2010-02-24,-0.3006
2010-02-23,-0.3218
2010-02-22,-0.3604
2010-02-19,-0.4208
2010-02-18,-0.4867
2010-02-17,-0.5433
2010-02-16,-0.6016
2010-02-12,-0.6265
2010-02-11,-0.6166
2010-02-10,-0.6071
2010-02-09,-0.5965
2010-02-08,-0.5681
2010-02-05,-0.5277
2010-02-04,-0.4674
2010-02-03,-0.4223
2010-02-02,-0.3464
2010-02-01,-0.2558
2010-01-29,-0.1383
2010-01-28,-0.1402
2010-01-27,-0.1344
2010-01-26,-0.0751
2010-01-25,0.0168
2010-01-22,0.1299
2010-01-21,0.1950
2010-01-20,0.2130
2010-01-19,0.2127
2010-01-15,0.2152
2010-01-14,0.1817
2010-01-13,0.2147
2010-01-12,0.2588
2010-01-11,0.3225
2010-01-08,0.3421
2010-01-07,0.4059
2010-01-06,0.4458
2010-01-05,0.4648
2010-01-04,0.4854
2009-12-31,0.5280
2009-12-30,0.5380
2009-12-29,0.5257
2009-12-28,0.4820
2009-12-24,0.4548
2009-12-23,0.4257
2009-12-22,0.3997
2009-12-21,0.3719
2009-12-18,0.3513
2009-12-17,0.3770
2009-12-16,0.3930
2009-12-15,0.3956
2009-12-14,0.4115
2009-12-11,0.4237
2009-12-10,0.4270
2009-12-09,0.4515
2009-12-08,0.5007
2009-12-07,0.5510
2009-12-04,0.5808
2009-12-03,0.5829
2009-12-02,0.5985
2009-12-01,0.6035
2009-11-30,0.6399
2009-11-27,0.7146
2009-11-25,0.8037
2009-11-24,0.8345
2009-11-23,0.8474
2009-11-20,0.8627
2009-11-19,0.8880
2009-11-18,0.8738
2009-11-17,0.8420
2009-11-16,0.8400
2009-11-13,0.8140
2009-11-12,0.7833
2009-11-11,0.7796
2009-11-10,0.7563
2009-11-09,0.7339
2009-11-06,0.7232
2009-11-05,0.7235
2009-11-04,0.6990
2009-11-03,0.7421
2009-11-02,0.7915
2009-10-30,0.8368
2009-10-29,0.8489
2009-10-28,0.8480
2009-10-27,0.8171
2009-10-26,0.7159
2009-10-23,0.6380
2009-10-22,0.4197
2009-10-21,0.4039
2009-10-20,0.3880
2009-10-19,0.3661
2009-10-16,0.3257
2009-10-15,0.2735
2009-10-14,0.2588
2009-10-13,0.2120
2009-10-12,0.2050
2009-10-09,0.1861
2009-10-08,0.1684
2009-10-07,0.1566
2009-10-06,0.1850
2009-10-05,0.2502
2009-10-02,0.2992
2009-10-01,0.4109
2009-09-30,0.4507
2009-09-29,0.4588
2009-09-28,0.4473
2009-09-25,0.4576
2009-09-24,0.4549
2009-09-23,0.4214
2009-09-22,0.3726
2009-09-21,0.3577
2009-09-18,0.3632
2009-09-17,0.3292
2009-09-16,0.3217
2009-09-15,0.2881
2009-09-14,0.2696
2009-09-11,0.2746
2009-09-10,0.2486
2009-09-09,0.2249
2009-09-08,0.1975
2009-09-04,0.1719
2009-09-03,0.1907
2009-09-02,0.2303
2009-09-01,0.2866
2009-08-31,0.3003
2009-08-28,0.2910
2009-08-27,0.2240
2009-08-26,0.2025
2009-08-25,0.1537
2009-08-24,0.0883
2009-08-21,0.0227
2009-08-20,-0.0124
2009-08-19,-0.0234
2009-08-18,-0.0014
2009-08-17,0.0225
2009-08-14,0.0497
2009-08-13,0.0490
2009-08-12,0.0505
2009-08-11,0.1025
2009-08-10,0.1482
2009-08-07,0.1900
2009-08-06,0.2111
2009-08-05,0.2166
2009-08-04,0.2297
2009-08-03,0.2593
2009-07-31,0.2791
2009-07-30,0.3054
2009-07-29,0.2908
2009-07-28,0.3157
2009-07-27,0.4183
2009-07-24,0.4973
2009-07-23,0.5736
2009-07-22,0.5282
2009-07-21,0.4921
2009-07-20,0.4339
2009-07-17,0.3786
2009-07-16,0.3067
2009-07-15,0.2583
2009-07-14,0.2111
2009-07-13,0.2037
2009-07-10,0.2708
2009-07-09,0.3759
2009-07-08,0.4577
2009-07-07,0.5901
2009-07-06,0.6721
2009-07-02,0.7538
2009-07-01,0.7911
2009-06-30,0.7976
2009-06-29,0.8025
2009-06-26,0.8347
2009-06-25,0.8668
2009-06-24,0.9094
2009-06-23,0.9484
2009-06-22,0.9916
2009-06-19,0.9743
2009-06-18,0.9289
2009-06-17,0.9001
2009-06-16,0.8626
2009-06-15,0.8051
2009-06-12,0.7446
2009-06-11,0.6900
2009-06-10,0.6419
2009-06-09,0.6139
2009-06-08,0.5805
2009-06-05,0.5375
2009-06-04,0.4768
2009-06-03,0.4118
2009-06-02,0.3697
2009-06-01,0.3055
2009-05-29,0.2558
2009-05-28,0.2334
2009-05-27,0.2258
2009-05-26,0.2200
2009-05-22,0.2816
2009-05-21,0.3165
2009-05-20,0.3351
2009-05-19,0.3264
2009-05-18,0.3004
2009-05-15,0.2781
2009-05-14,0.2690
2009-05-13,0.2840
2009-05-12,0.2897
2009-05-11,0.3347
2009-05-08,0.4188
2009-05-07,0.4936
2009-05-06,0.5310
2009-05-05,0.5608
2009-05-04,0.5826
2009-05-01,0.5785
2009-04-30,0.5832
2009-04-29,0.5389
2009-04-28,0.5244
2009-04-27,0.4841
2009-04-24,0.3950
2009-04-23,0.3499
2009-04-22,0.3788
2009-04-21,0.4266
2009-04-20,0.4986
2009-04-17,0.5528
2009-04-16,0.5330
2009-04-15,0.5533
2009-04-14,0.5662
2009-04-13,0.5509
2009-04-09,0.4980
2009-04-08,0.4476
2009-04-07,0.4257
2009-04-06,0.4129
2009-04-03,0.4130
2009-04-02,0.3470
2009-04-01,0.2200
2009-03-31,0.1841
2009-03-30,0.1763
2009-03-27,0.1729
2009-03-26,0.0843
2009-03-25,0.0080
2009-03-24,-0.0701
2009-03-23,-0.1750
2009-03-20,-0.2381
2009-03-19,-0.3100
2009-03-18,-0.4024
2009-03-17,-0.4799
2009-03-16,-0.4999
2009-03-13,-0.5646
2009-03-12,-0.6603
2009-03-11,-0.7750
2009-03-10,-0.8713
2009-03-09,-0.8534
2009-03-06,-0.8007
2009-03-05,-0.7381
2009-03-04,-0.6985
2009-03-03,-0.6621
2009-03-02,-0.5969
2009-02-27,-0.5075
2009-02-26,-0.4121
2009-02-25,-0.3616
2009-02-24,-0.2888
2009-02-23,-0.1928
2009-02-20,-0.1682
2009-02-19,-0.1059
2009-02-18,-0.0818
2009-02-17,-0.0423
2009-02-13,-0.0182
2009-02-12,-0.0666
2009-02-11,-0.0968
2009-02-10,-0.1330
2009-02-09,-0.2068
2009-02-06,-0.3427
2009-02-05,-0.4512
2009-02-04,-0.5240
2009-02-03,-0.6114
2009-02-02,-0.6437
2009-01-30,-0.5901
2009-01-29,-0.5875
2009-01-28,-0.5796
2009-01-27,-0.5632
2009-01-26,-0.5330
2009-01-23,-0.4358
2009-01-22,-0.2738
2009-01-21,-0.1710
2009-01-20,-0.1208
2009-01-16,-0.1161
2009-01-15,-0.1257
2009-01-14,-0.0811
2009-01-13,-0.0679
2009-01-12,-0.0490
2009-01-09,-0.0434
2009-01-08,-0.0826
2009-01-07,-0.0764
2009-01-06,-0.1244
2009-01-05,-0.2408
2009-01-02,-0.3300
2008-12-31,-0.3710
2008-12-30,-0.3953
2008-12-29,-0.3901
2008-12-26,-0.3919
2008-12-24,-0.3937
2008-12-23,-0.3963
2008-12-22,-0.3959
2008-12-19,-0.3856
2008-12-18,-0.4126
2008-12-17,-0.4584
2008-12-16,-0.5052
2008-12-15,-0.4963
2008-12-12,-0.4911
2008-12-11,-0.4580
2008-12-10,-0.5067
2008-12-09,-0.6339
2008-12-08,-0.7666
2008-12-05,-0.8973
2008-12-04,-0.9045
2008-12-03,-0.9505
2008-12-02,-0.9189
2008-12-01,-0.8999
2008-11-28,-0.9526
2008-11-26,-1.0422
2008-11-25,-1.0905
2008-11-24,-1.2514
2008-11-21,-1.3397
2008-11-20,-1.2425
2008-11-19,-1.1101
2008-11-18,-1.0792
2008-11-17,-1.0108
2008-11-14,-0.9333
2008-11-13,-0.9042
2008-11-12,-0.8122
2008-11-11,-0.7584
2008-11-10,-0.7193
2008-11-07,-0.7155
2008-11-06,-0.6468
2008-11-05,-0.6056
2008-11-04,-0.6930
2008-11-03,-0.7740
2008-10-31,-0.8000
2008-10-30,-0.8267
2008-10-29,-0.9668
2008-10-28,-1.0745
2008-10-27,-1.0447
2008-10-24,-0.9945
2008-10-23,-0.8538
2008-10-22,-0.7117
2008-10-21,-0.6717
2008-10-20,-0.7392
2008-10-17,-0.8044
2008-10-16,-0.8113
2008-10-15,-0.7441
2008-10-14,-0.7336
2008-10-13,-0.8989
2008-10-10,-0.8137
2008-10-09,-0.5842
2008-10-08,-0.4839
2008-10-07,-0.2607
2008-10-06,-0.1839
2008-10-03,-0.1493
2008-10-02,-0.1778
2008-10-01,-0.1928
2008-09-30,-0.2295
2008-09-29,-0.2108
2008-09-26,-0.3031
2008-09-25,-0.3381
2008-09-24,-0.3422
2008-09-23,-0.3180
2008-09-22,-0.2906
2008-09-19,-0.3085
2008-09-18,-0.3421
2008-09-17,-0.2202
2008-09-16,-0.1560
2008-09-15,-0.1085
2008-09-12,-0.1308
2008-09-11,-0.1797
2008-09-10,-0.1337
2008-09-09,-0.1158
2008-09-08,-0.0586
2008-09-05,0.0141
2008-09-04,0.1251
2008-09-03,0.1973
2008-09-02,0.2544
2008-08-29,0.2570
2008-08-28,0.2550
2008-08-27,0.2558
2008-08-26,0.2807
2008-08-25,0.2839
2008-08-22,0.2808
2008-08-21,0.3115
2008-08-20,0.3594
2008-08-19,0.3709
2008-08-18,0.3798
2008-08-15,0.3611
2008-08-14,0.3117
2008-08-13,0.2604
2008-08-12,0.1656
2008-08-11,0.0718
2008-08-08,-0.0572
2008-08-07,-0.1690
2008-08-06,-0.2635
2008-08-05,-0.3629
2008-08-04,-0.3766
2008-08-01,-0.3571
2008-07-31,-0.3870
2008-07-30,-0.4094
2008-07-29,-0.4656
2008-07-28,-0.4634
2008-07-25,-0.4956
2008-07-24,-0.5020
2008-07-23,-0.5456
2008-07-22,-0.5770
2008-07-21,-0.5721
2008-07-18,-0.5687
2008-07-17,-0.6181
2008-07-16,-0.8046
2008-07-15,-0.8772
2008-07-14,-0.8411
2008-07-11,-0.8010
2008-07-10,-0.7382
2008-07-09,-0.6545
2008-07-08,-0.5961
2008-07-07,-0.5282
2008-07-03,-0.4543
2008-07-02,-0.3278
2008-07-01,-0.2664
2008-06-30,-0.2189
2008-06-27,-0.1988
2008-06-26,-0.1733
2008-06-25,-0.1658
2008-06-24,-0.1385
2008-06-23,-0.1118
2008-06-20,-0.1147
2008-06-19,-0.1199
2008-06-18,-0.1452
2008-06-17,-0.1804
2008-06-16,-0.2675
2008-06-13,-0.3758
2008-06-12,-0.4679
2008-06-11,-0.4554
2008-06-10,-0.4786
2008-06-09,-0.4504
2008-06-06,-0.4343
2008-06-05,-0.4451
2008-06-04,-0.4249
2008-06-03,-0.3462
2008-06-02,-0.3119
2008-05-30,-0.2931
2008-05-29,-0.2741
2008-05-28,-0.2285
2008-05-27,-0.2077
2008-05-23,-0.1262
2008-05-22,-0.0406
2008-05-21,0.0660
2008-05-20,0.1483
2008-05-19,0.2023
2008-05-16,0.2061
2008-05-15,0.1479
2008-05-14,0.1255
2008-05-13,0.0950
2008-05-12,0.0475
2008-05-09,0.0545
2008-05-08,0.0831
2008-05-07,0.1070
2008-05-06,0.0923
2008-05-05,0.1424
2008-05-02,0.1076
2008-05-01,0.1022
2008-04-30,0.2029
2008-04-29,0.3010
2008-04-28,0.4167
2008-04-25,0.4565
2008-04-24,0.4782
2008-04-23,0.3350
2008-04-22,0.2676
2008-04-21,0.1593
2008-04-18,0.0626
2008-04-17,-0.0404
2008-04-16,-0.0827
2008-04-15,-0.0754
2008-04-14,-0.0212
2008-04-11,0.0340
2008-04-10,0.0398
2008-04-09,0.0507
2008-04-08,0.0657
2008-04-07,0.0709
2008-04-04,0.0144
2008-04-03,-0.0152
2008-04-02,-0.0456
2008-04-01,-0.1356
2008-03-31,-0.1733
2008-03-28,-0.1220
2008-03-27,-0.0905
2008-03-26,-0.0745
2008-03-25,-0.1089
2008-03-24,-0.1817
2008-03-20,-0.2721
2008-03-19,-0.3234
2008-03-18,-0.4407
2008-03-17,-0.5203
2008-03-14,-0.4749
2008-03-13,-0.5547
2008-03-12,-0.6301
2008-03-11,-0.8077
2008-03-10,-0.9179
2008-03-07,-0.9871
2008-03-06,-1.0111
2008-03-05,-1.1005
2008-03-04,-1.1669
2008-03-03,-1.1604
2008-02-29,-1.1576
2008-02-28,-1.1902
2008-02-27,-1.2409
2008-02-26,-1.3049
2008-02-25,-1.3218
2008-02-22,-1.3150
2008-02-21,-1.3472
2008-02-20,-1.4075
2008-02-19,-1.4160
2008-02-15,-1.4726
2008-02-14,-1.4734
2008-02-13,-1.5110
2008-02-12,-1.5107
2008-02-11,-1.4689
2008-02-08,-1.4033
2008-02-07,-1.2758
2008-02-06,-1.0996
2008-02-05,-0.9543
2008-02-04,-0.8193
2008-02-01,-0.6940
2008-01-31,-0.5821
2008-01-30,-0.5173
2008-01-29,-0.4932
2008-01-28,-0.4849
2008-01-25,-0.4845
2008-01-24,-0.6684
2008-01-23,-0.6337
2008-01-22,-0.4916
2008-01-18,-0.3093
2008-01-17,-0.2370
2008-01-16,-0.1799
2008-01-15,-0.0923
2008-01-14,-0.0412
2008-01-11,-0.0192
2008-01-10,0.0418
2008-01-09,0.0976
2008-01-08,0.2683
2008-01-07,0.3447
2008-01-04,0.4536
2008-01-03,0.5208
2008-01-02,0.5959
2007-12-31,0.6251
2007-12-28,0.6420
2007-12-27,0.6340
2007-12-26,0.5890
2007-12-24,0.5169
2007-12-21,0.4459
2007-12-20,0.3722
2007-12-19,0.3349
2007-12-18,0.3434
2007-12-17,0.3544
2007-12-14,0.3235
2007-12-13,0.2774
2007-12-12,0.2725
2007-12-11,0.2491
2007-12-10,0.2034
2007-12-07,0.1512
2007-12-06,0.0855
2007-12-05,0.0360
2007-12-04,0.0863
2007-12-03,0.1901
2007-11-30,0.2423
2007-11-29,0.2627
2007-11-28,0.3195
2007-11-27,0.4078
2007-11-26,0.5257
2007-11-23,0.5851
2007-11-21,0.6248
2007-11-20,0.6624
2007-11-19,0.7181
2007-11-16,0.8062
2007-11-15,0.9171
2007-11-14,1.0555
2007-11-13,1.1292
2007-11-12,1.3168
2007-11-09,1.5595
2007-11-08,1.7591
2007-11-07,1.8436
2007-11-06,1.8799
2007-11-05,1.8429
2007-11-02,1.7515
2007-11-01,1.5626
2007-10-31,1.3689
2007-10-30,1.2047
2007-10-29,1.0946
2007-10-26,0.8894
2007-10-25,0.4963
2007-10-24,0.4395
2007-10-23,0.4339
2007-10-22,0.4307
2007-10-19,0.4844
2007-10-18,0.4472
2007-10-17,0.3799
2007-10-16,0.3364
2007-10-15,0.3279
2007-10-12,0.3275
2007-10-11,0.3284
2007-10-10,0.2967
2007-10-09,0.2788
2007-10-08,0.2531
2007-10-05,0.2543
2007-10-04,0.2276
2007-10-03,0.2239
2007-10-02,0.2016
2007-10-01,0.1712
2007-09-28,0.1544
2007-09-27,0.1277
2007-09-26,0.0734
2007-09-25,0.0020
2007-09-24,-0.0342
2007-09-21,-0.0463
2007-09-20,-0.0499
2007-09-19,-0.0313
2007-09-18,-0.0469
2007-09-17,-0.0488
2007-09-14,-0.0596
2007-09-13,-0.0868
2007-09-12,-0.1335
2007-09-11,-0.1658
2007-09-10,-0.1862
2007-09-07,-0.2136
2007-09-06,-0.2403
2007-09-05,-0.2690
2007-09-04,-0.3067
2007-08-31,-0.3351
2007-08-30,-0.3869
2007-08-29,-0.4188
2007-08-28,-0.4189
2007-08-27,-0.4332
2007-08-24,-0.4788
2007-08-23,-0.4893
2007-08-22,-0.5048
2007-08-21,-0.5141
2007-08-20,-0.5013
2007-08-17,-0.4857
2007-08-16,-0.4496
2007-08-15,-0.3756
2007-08-14,-0.3022
2007-08-13,-0.2682
2007-08-10,-0.2382
2007-08-09,-0.1925
2007-08-08,-0.2066
2007-08-07,-0.2297
2007-08-06,-0.2162
2007-08-03,-0.1699
2007-08-02,-0.1465
2007-08-01,-0.0880
2007-07-31,0.0104
2007-07-30,0.0604
2007-07-27,0.1544
2007-07-26,0.2188
2007-07-25,0.2661
2007-07-24,0.2463
2007-07-23,0.2154
2007-07-20,0.1372
2007-07-19,0.0568
2007-07-18,-0.0364
2007-07-17,-0.1000
2007-07-16,-0.1297
2007-07-13,-0.1394
2007-07-12,-0.1679
2007-07-11,-0.1633
2007-07-10,-0.1224
2007-07-09,-0.1152
2007-07-06,-0.1207
2007-07-05,-0.1311
2007-07-03,-0.1566
2007-07-02,-0.1600
2007-06-29,-0.1502
2007-06-28,-0.1559
2007-06-27,-0.1600
2007-06-26,-0.1119
2007-06-25,-0.0682
2007-06-22,-0.0033
2007-06-21,0.0256
2007-06-20,0.0646
2007-06-19,0.0662
2007-06-18,0.0631
2007-06-15,0.0370
2007-06-14,-0.0143
2007-06-13,-0.0276
2007-06-12,-0.0055
2007-06-11,0.0238
2007-06-08,0.0630
2007-06-07,0.1486
2007-06-06,0.2110
2007-06-05,0.2519
2007-06-04,0.2750
2007-06-01,0.3209
2007-05-31,0.3371
2007-05-30,0.3193
2007-05-29,0.3499
2007-05-25,0.3900
2007-05-24,0.4569
2007-05-23,0.5092
2007-05-22,0.5380
2007-05-21,0.5608
2007-05-18,0.5991
2007-05-17,0.6147
2007-05-16,0.6197
2007-05-15,0.6201
2007-05-14,0.6217
2007-05-11,0.6208
2007-05-10,0.6382
2007-05-09,0.6399
2007-05-08,0.6307
2007-05-07,0.6119
2007-05-04,0.5952
2007-05-03,0.5490
2007-05-02,0.4902
2007-05-01,0.4293
2007-04-30,0.3912
2007-04-27,0.3176
2007-04-26,0.2149
2007-04-25,0.1906
2007-04-24,0.1803
2007-04-23,0.1717
2007-04-20,0.1409
2007-04-19,0.0974
2007-04-18,0.1057
2007-04-17,0.0873
2007-04-16,0.0605
2007-04-13,0.0284
2007-04-12,0.0044
2007-04-11,0.0113
2007-04-10,-0.0045
2007-04-09,-0.0449
2007-04-05,-0.1035
2007-04-04,-0.1508
2007-04-03,-0.1774
2007-04-02,-0.1935
2007-03-30,-0.2142
2007-03-29,-0.2234
2007-03-28,-0.2410
2007-03-27,-0.2335
2007-03-26,-0.2674
2007-03-23,-0.2965
2007-03-22,-0.3579
2007-03-21,-0.4616
2007-03-20,-0.5237
2007-03-19,-0.5988
2007-03-16,-0.6258
2007-03-15,-0.6523
2007-03-14,-0.6736
2007-03-13,-0.6400
2007-03-12,-0.6316
2007-03-09,-0.6046
2007-03-08,-0.5858
2007-03-07,-0.5838
2007-03-06,-0.5768
2007-03-05,-0.5636
2007-03-02,-0.5069
2007-03-01,-0.4812
2007-02-28,-0.4210
2007-02-27,-0.3513
2007-02-26,-0.3346
2007-02-23,-0.3339
2007-02-22,-0.3546
2007-02-21,-0.3845
2007-02-20,-0.3606
2007-02-16,-0.3126
2007-02-15,-0.2747
2007-02-14,-0.2912
2007-02-13,-0.2662
2007-02-12,-0.2172
2007-02-09,-0.1363
2007-02-08,-0.0778
2007-02-07,0.0091
2007-02-06,0.0793
2007-02-05,0.1727
2007-02-02,0.2508
2007-02-01,0.2603
2007-01-31,0.2665
2007-01-30,0.3144
2007-01-29,0.3547
2007-01-26,0.3928
2007-01-25,0.3777
2007-01-24,0.3671
2007-01-23,0.3788
2007-01-22,0.4036
2007-01-19,0.3855
2007-01-18,0.3904
2007-01-17,0.3483
2007-01-16,0.2782
2007-01-12,0.1847
2007-01-11,0.1248
2007-01-10,0.1372
2007-01-09,0.1469
2007-01-08,0.1367
2007-01-05,0.1575
2007-01-04,0.1836
2007-01-03,0.2073
2006-12-29,0.2130
2006-12-28,0.2224
2006-12-27,0.2311
2006-12-26,0.2256
2006-12-22,0.2622
2006-12-21,0.2750
2006-12-20,0.2562
2006-12-19,0.2429
2006-12-18,0.2508
2006-12-15,0.2084
2006-12-14,0.1563
2006-12-13,0.1492
2006-12-12,0.1312
2006-12-11,0.1106
2006-12-08,0.1202
2006-12-07,0.1685
2006-12-06,0.2133
2006-12-05,0.2538
2006-12-04,0.2747
2006-12-01,0.3107
2006-11-30,0.3521
2006-11-29,0.3804
2006-11-28,0.4090
2006-11-27,0.4498
2006-11-24,0.4596
2006-11-22,0.4686
2006-11-21,0.4416
2006-11-20,0.4069
2006-11-17,0.3963
2006-11-16,0.3984
2006-11-15,0.4132
2006-11-14,0.4271
2006-11-13,0.4227
2006-11-10,0.4202
2006-11-09,0.4130
2006-11-08,0.4038
2006-11-07,0.4198
2006-11-06,0.4260
2006-11-03,0.4369
2006-11-02,0.4363
2006-11-01,0.4435
2006-10-31,0.4390
2006-10-30,0.4391
2006-10-27,0.4644
2006-10-26,0.4758
2006-10-25,0.4996
2006-10-24,0.5278
2006-10-23,0.5409
2006-10-20,0.5630
2006-10-19,0.5646
2006-10-18,0.5718
2006-10-17,0.5573
2006-10-16,0.5572
2006-10-13,0.5245
2006-10-12,0.4894
2006-10-11,0.5149
2006-10-10,0.5521
2006-10-09,0.5682
2006-10-06,0.5692
2006-10-05,0.5664
2006-10-04,0.5382
2006-10-03,0.5484
2006-10-02,0.5554
2006-09-29,0.5614
2006-09-28,0.5578
2006-09-27,0.5330
2006-09-26,0.5230
2006-09-25,0.5301
2006-09-22,0.5417
2006-09-21,0.5466
2006-09-20,0.5031
2006-09-19,0.4637
2006-09-18,0.4342
2006-09-15,0.3902
2006-09-14,0.3446
2006-09-13,0.3415
2006-09-12,0.3499
2006-09-11,0.3474
2006-09-08,0.3870
2006-09-07,0.4217
2006-09-06,0.4650
2006-09-05,0.5104
2006-09-01,0.5426
2006-08-31,0.5555
2006-08-30,0.5658
2006-08-29,0.5729
2006-08-28,0.5664
2006-08-25,0.5581
2006-08-24,0.5526
2006-08-23,0.5263
2006-08-22,0.5029
2006-08-21,0.4285
2006-08-18,0.3630
2006-08-17,0.3363
2006-08-16,0.3329
2006-08-15,0.3328
2006-08-14,0.3341
2006-08-11,0.3338
2006-08-10,0.3439
2006-08-09,0.3518
2006-08-08,0.3446
2006-08-07,0.3405
2006-08-04,0.3416
2006-08-03,0.3257
2006-08-02,0.3227
2006-08-01,0.3207
2006-07-31,0.3236
2006-07-28,0.3176
2006-07-27,0.3043
2006-07-26,0.2320
2006-07-25,0.1831
2006-07-24,0.1303
2006-07-21,0.0600
2006-07-20,-0.0377
2006-07-19,-0.0962
2006-07-18,-0.1069
2006-07-17,-0.0955
2006-07-14,-0.0491
2006-07-13,0.0119
2006-07-12,0.0804
2006-07-11,0.1239
2006-07-10,0.1186
2006-07-07,0.1040
2006-07-06,0.0879
2006-07-05,0.0599
2006-07-03,0.0203
2006-06-30,-0.0356
2006-06-29,-0.1075
2006-06-28,-0.1753
2006-06-27,-0.2226
2006-06-26,-0.2727
2006-06-23,-0.3081
2006-06-22,-0.3693
2006-06-21,-0.4633
2006-06-20,-0.5308
2006-06-19,-0.6021
2006-06-16,-0.6436
2006-06-15,-0.6699
2006-06-14,-0.6979
2006-06-13,-0.6806
2006-06-12,-0.6629
2006-06-09,-0.6530
2006-06-08,-0.6513
2006-06-07,-0.6275
2006-06-06,-0.6001
2006-06-05,-0.5972
2006-06-02,-0.6021
2006-06-01,-0.6148
2006-05-31,-0.6089
2006-05-30,-0.6455
2006-05-26,-0.7123
2006-05-25,-0.8096
2006-05-24,-0.9017
2006-05-23,-0.9470
2006-05-22,-1.0028
2006-05-19,-0.9958
2006-05-18,-1.0039
2006-05-17,-1.0048
2006-05-16,-0.9964
2006-05-15,-0.9986
2006-05-12,-0.9809
2006-05-11,-0.9490
2006-05-10,-0.9516
2006-05-09,-0.9370
2006-05-08,-0.9129
2006-05-05,-0.8790
2006-05-04,-0.8036
2006-05-03,-0.6641
2006-05-02,-0.5425
2006-05-01,-0.4304
2006-04-28,-0.2638
2006-04-27,-0.0401
2006-04-26,-0.0310
2006-04-25,-0.0280
2006-04-24,-0.0259
2006-04-21,-0.0198
2006-04-20,-0.0229
2006-04-19,-0.0133
2006-04-18,-0.0049
2006-04-17,0.0243
2006-04-13,0.0499
2006-04-12,0.0758
2006-04-11,0.1067
2006-04-10,0.1293
2006-04-07,0.1593
2006-04-06,0.1567
2006-04-05,0.1428
2006-04-04,0.1038
2006-04-03,0.0779
2006-03-31,0.0365
2006-03-30,0.0168
2006-03-29,0.0250
2006-03-28,0.0413
2006-03-27,0.0563
2006-03-24,0.0726
2006-03-23,0.1230
2006-03-22,0.1488
2006-03-21,0.1795
2006-03-20,0.1276
2006-03-17,0.0859
2006-03-16,0.0630
2006-03-15,0.0431
2006-03-14,0.0272
2006-03-13,0.0249
2006-03-10,0.0237
2006-03-09,0.0135
2006-03-08,-0.0149
2006-03-07,-0.0265
2006-03-06,-0.0307
2006-03-03,-0.0408
2006-03-02,-0.0408
2006-03-01,-0.0596
2006-02-28,-0.0827
2006-02-27,-0.1059
2006-02-24,-0.1146
2006-02-23,-0.1078
2006-02-22,-0.1087
2006-02-21,-0.0910
2006-02-17,-0.0803
2006-02-16,-0.0727
2006-02-15,-0.0730
2006-02-14,-0.0510
2006-02-13,-0.0029
2006-02-10,0.0413
2006-02-09,0.0951
2006-02-08,0.1298
2006-02-07,0.1589
2006-02-06,0.2071
2006-02-03,0.2095
2006-02-02,0.2126
2006-02-01,0.1686
2006-01-31,0.1060
2006-01-30,0.0296
2006-01-27,-0.0571
2006-01-26,-0.1100
2006-01-25,-0.1076
2006-01-24,-0.0878
2006-01-23,-0.0540
2006-01-20,-0.0173
2006-01-19,-0.0313
2006-01-18,-0.0344
2006-01-17,-0.0246
2006-01-13,-0.0281
2006-01-12,-0.0453
2006-01-11,-0.0891
2006-01-10,-0.1192
2006-01-09,-0.1193
2006-01-06,-0.1461
2006-01-05,-0.1732
2006-01-04,-0.2103
2006-01-03,-0.2383
2005-12-30,-0.2176
2005-12-29,-0.1778
2005-12-28,-0.1510
2005-12-27,-0.1248
2005-12-23,-0.1067
2005-12-22,-0.0659
2005-12-21,-0.0322
2005-12-20,-0.0049
2005-12-19,0.0411
2005-12-16,0.0932
2005-12-15,0.1522
2005-12-14,0.2049
2005-12-13,0.2774
2005-12-12,0.3363
2005-12-09,0.3649
2005-12-08,0.3950
2005-12-07,0.4277
2005-12-06,0.4673
2005-12-05,0.4876
2005-12-02,0.5035
2005-12-01,0.5275
2005-11-30,0.5597
2005-11-29,0.5977
2005-11-28,0.6284
2005-11-25,0.6564
2005-11-23,0.6816
2005-11-22,0.6926
2005-11-21,0.6813
2005-11-18,0.6559
2005-11-17,0.6008
2005-11-16,0.5573
2005-11-15,0.5313
2005-11-14,0.5058
2005-11-11,0.4628
2005-11-10,0.4225
2005-11-09,0.3863
2005-11-08,0.3305
2005-11-07,0.2590
2005-11-04,0.1858
2005-11-03,0.1091
2005-11-02,0.0025
2005-11-01,-0.0655
2005-10-31,-0.1186
2005-10-28,-0.1848
2005-10-27,-0.2146
2005-10-26,-0.2617
2005-10-25,-0.2926
2005-10-24,-0.3257
2005-10-21,-0.3571
2005-10-20,-0.3962
2005-10-19,-0.4524
2005-10-18,-0.4677
2005-10-17,-0.4713
2005-10-14,-0.4904
2005-10-13,-0.5107
2005-10-12,-0.4885
2005-10-11,-0.4713
2005-10-10,-0.4446
2005-10-07,-0.4203
2005-10-06,-0.3934
2005-10-05,-0.3421
2005-10-04,-0.3103
2005-10-03,-0.2979
2005-09-30,-0.3132
2005-09-29,-0.3487
2005-09-28,-0.3583
2005-09-27,-0.3430
2005-09-26,-0.3165
2005-09-23,-0.2810
2005-09-22,-0.2225
2005-09-21,-0.1629
2005-09-20,-0.1160
2005-09-19,-0.0820
2005-09-16,-0.0394
2005-09-15,-0.0100
2005-09-14,0.0247
2005-09-13,0.0534
2005-09-12,0.0871
2005-09-09,0.1248
2005-09-08,0.1671
2005-09-07,0.2003
2005-09-06,0.2255
2005-09-02,0.2422
2005-09-01,0.2447
2005-08-31,0.2270
2005-08-30,0.2215
2005-08-29,0.2235
2005-08-26,0.2472
2005-08-25,0.2514
2005-08-24,0.2674
2005-08-23,0.2901
2005-08-22,0.3148
2005-08-19,0.3468
2005-08-18,0.3765
2005-08-17,0.4049
2005-08-16,0.4424
2005-08-15,0.4624
2005-08-12,0.4863
2005-08-11,0.4996
2005-08-10,0.5195
2005-08-09,0.4935
2005-08-08,0.4715
2005-08-05,0.3785
2005-08-04,0.3062
2005-08-03,0.2237
2005-08-02,0.1549
2005-08-01,0.1524
2005-07-29,0.1552
2005-07-28,0.1605
2005-07-27,0.1680
2005-07-26,0.1894
2005-07-25,0.2028
2005-07-22,0.2200
2005-07-21,0.2081
2005-07-20,0.1584
2005-07-19,0.1232
2005-07-18,0.0979
2005-07-15,0.0722
2005-07-14,0.0049
2005-07-13,-0.0557
2005-07-12,-0.1058
2005-07-11,-0.1386
2005-07-08,-0.1693
2005-07-07,-0.1541
2005-07-06,-0.1264
2005-07-05,-0.1288
2005-07-01,-0.0985
2005-06-30,-0.0778
2005-06-29,-0.0715
2005-06-28,-0.0788
2005-06-27,-0.0737
2005-06-24,-0.0641
2005-06-23,-0.0662
2005-06-22,-0.0628
2005-06-21,-0.0514
2005-06-20,-0.0331
2005-06-17,0.0009
2005-06-16,0.0148
2005-06-15,0.0374
2005-06-14,0.0474
2005-06-13,0.0686
2005-06-10,0.0895
2005-06-09,0.1017
2005-06-08,0.1250
2005-06-07,0.1377
2005-06-06,0.1742
2005-06-03,0.2132
2005-06-02,0.2273
2005-06-01,0.2399
2005-05-31,0.2515
2005-05-27,0.2383
2005-05-26,0.2322
2005-05-25,0.2291
2005-05-24,0.2290
2005-05-23,0.2133
2005-05-20,0.1953
2005-05-19,0.1562
2005-05-18,0.1172
2005-05-17,0.0913
2005-05-16,0.0762
2005-05-13,0.0639
2005-05-12,0.0677
2005-05-11,0.0910
2005-05-10,0.1142
2005-05-09,0.1269
2005-05-06,0.1220
2005-05-05,0.1037
2005-05-04,0.0920
2005-05-03,0.0637
2005-05-02,0.0459
2005-04-29,0.0123
2005-04-28,0.0049
2005-04-27,0.0015
2005-04-26,0.0154
2005-04-25,0.0014
2005-04-22,-0.0286
2005-04-21,-0.0646
2005-04-20,-0.0515
2005-04-19,-0.0523
2005-04-18,-0.0578
2005-04-15,-0.0374
2005-04-14,-0.0240
2005-04-13,-0.0504
2005-04-12,-0.1058
2005-04-11,-0.1434
2005-04-08,-0.2004
2005-04-07,-0.2744
2005-04-06,-0.3231
2005-04-05,-0.3613
2005-04-04,-0.3792
2005-04-01,-0.3854
2005-03-31,-0.4010
2005-03-30,-0.4160
2005-03-29,-0.4067
2005-03-28,-0.4002
2005-03-24,-0.4125
2005-03-23,-0.4079
2005-03-22,-0.3686
2005-03-21,-0.3335
2005-03-18,-0.3002
2005-03-17,-0.2715
2005-03-16,-0.2423
2005-03-15,-0.2197
2005-03-14,-0.2162
2005-03-11,-0.2066
2005-03-10,-0.2289
2005-03-09,-0.2521
2005-03-08,-0.2739
2005-03-07,-0.2989
2005-03-04,-0.3029
2005-03-03,-0.3077
2005-03-02,-0.3185
2005-03-01,-0.3165
2005-02-28,-0.3104
2005-02-25,-0.3001
2005-02-24,-0.2958
2005-02-23,-0.2687
2005-02-22,-0.2363
2005-02-18,-0.1915
2005-02-17,-0.1723
2005-02-16,-0.1523
2005-02-15,-0.1410
2005-02-14,-0.1377
2005-02-11,-0.1327
2005-02-10,-0.1263
2005-02-09,-0.1233
2005-02-08,-0.1331
2005-02-07,-0.1374
2005-02-04,-0.1492
2005-02-03,-0.1528
2005-02-02,-0.1745
2005-02-01,-0.2049
2005-01-31,-0.2233
2005-01-28,-0.2537
2005-01-27,-0.3082
2005-01-26,-0.3132
2005-01-25,-0.3282
2005-01-24,-0.3101
2005-01-21,-0.2834
2005-01-20,-0.2626
2005-01-19,-0.2215
2005-01-18,-0.2030
2005-01-14,-0.1591
2005-01-13,-0.1385
2005-01-12,-0.1396
2005-01-11,-0.1472
2005-01-10,-0.1466
2005-01-07,-0.1345
2005-01-06,-0.1406
2005-01-05,-0.1493
2005-01-04,-0.1563
2005-01-03,-0.1649
2004-12-31,-0.1675
2004-12-30,-0.1631
2004-12-29,-0.1695
2004-12-28,-0.1711
2004-12-27,-0.1697
2004-12-23,-0.1836
2004-12-22,-0.1825
2004-12-21,-0.1754
2004-12-20,-0.1811
2004-12-17,-0.1877
2004-12-16,-0.1914
2004-12-15,-0.2081
2004-12-14,-0.2341
2004-12-13,-0.2464
2004-12-10,-0.2638
2004-12-09,-0.2800
2004-12-08,-0.3007
2004-12-07,-0.3115
2004-12-06,-0.3463
2004-12-03,-0.3694
2004-12-02,-0.3996
2004-12-01,-0.4435
2004-11-30,-0.4605
2004-11-29,-0.4561
2004-11-26,-0.4312
2004-11-24,-0.3866
2004-11-23,-0.3290
2004-11-22,-0.2406
2004-11-19,-0.1487
2004-11-18,-0.0577
2004-11-17,0.0501
2004-11-16,0.1748
2004-11-15,0.3242
2004-11-12,0.5071
2004-11-11,0.4472
2004-11-10,0.3921
2004-11-09,0.3136
2004-11-08,0.2577
2004-11-05,0.2070
2004-11-04,0.1424
2004-11-03,0.1362
2004-11-02,0.0999
2004-11-01,0.0938
2004-10-29,0.0939
2004-10-28,0.0967
2004-10-27,0.0978
2004-10-26,0.1233
2004-10-25,0.1713
2004-10-22,0.2322
2004-10-21,0.2433
2004-10-20,0.2011
2004-10-19,0.2053
2004-10-18,0.1752
2004-10-15,0.1831
2004-10-14,0.1996
2004-10-13,0.2087
2004-10-12,0.2040
2004-10-11,0.2316
2004-10-08,0.2259
2004-10-07,0.2244
2004-10-06,0.1786
2004-10-05,0.1297
2004-10-04,0.0898
2004-10-01,0.0101
2004-09-30,-0.0296
2004-09-29,-0.0574
2004-09-28,-0.0596
2004-09-27,-0.0553
2004-09-24,-0.0461
2004-09-23,-0.0550
2004-09-22,-0.0452
2004-09-21,-0.0361
2004-09-20,-0.0474
2004-09-17,-0.0581
2004-09-16,-0.0668
2004-09-15,-0.0596
2004-09-14,-0.0649
2004-09-13,-0.0696
2004-09-10,-0.0930
2004-09-09,-0.1000
2004-09-08,-0.1046
2004-09-07,-0.1099
2004-09-03,-0.1130
2004-09-02,-0.1316
2004-09-01,-0.1463
2004-08-31,-0.1487
2004-08-30,-0.1547
2004-08-27,-0.1612
2004-08-26,-0.1864
2004-08-25,-0.2128
2004-08-24,-0.2179
2004-08-23,-0.2397
2004-08-20,-0.2517
2004-08-19,-0.2481
2004-08-18,-0.2624
2004-08-17,-0.2319
2004-08-16,-0.2223
2004-08-13,-0.1925
2004-08-12,-0.1455
2004-08-11,-0.1059
2004-08-10,-0.0680
2004-08-09,-0.0106
2004-08-06,0.0680
2004-08-05,0.1521
2004-08-04,0.1819
2004-08-03,0.2313
2004-08-02,0.2535
2004-07-30,0.2884
2004-07-29,0.3114
2004-07-28,0.3015
2004-07-27,0.3284
2004-07-26,0.3212
2004-07-23,0.3420
2004-07-22,0.3615
2004-07-21,0.3131
2004-07-20,0.1988
2004-07-19,0.2047
2004-07-16,0.2490
2004-07-15,0.2471
2004-07-14,0.2522
2004-07-13,0.3212
2004-07-12,0.3526
2004-07-09,0.4100
2004-07-08,0.4680
2004-07-07,0.5252
2004-07-06,0.6088
2004-07-02,0.6435
2004-07-01,0.6491
2004-06-30,0.6385
2004-06-29,0.6289
2004-06-28,0.6453
2004-06-25,0.6119
2004-06-24,0.5768
2004-06-23,0.5215
2004-06-22,0.4932
2004-06-21,0.4346
2004-06-18,0.3454
2004-06-17,0.2765
2004-06-16,0.2282
2004-06-15,0.1602
2004-06-14,0.1077
2004-06-10,0.0819
2004-06-09,0.0662
2004-06-08,0.0420
2004-06-07,0.0228
2004-06-04,0.0255
2004-06-03,0.0265
2004-06-02,0.0263
2004-06-01,0.0176
2004-05-28,0.0072
2004-05-27,-0.0102
2004-05-26,-0.0313
2004-05-25,-0.0413
2004-05-24,-0.0241
2004-05-21,-0.0364
2004-05-20,-0.0413
2004-05-19,-0.0276
2004-05-18,-0.0394
2004-05-17,-0.0192
2004-05-14,0.0293
2004-05-13,0.0398
2004-05-12,0.0690
2004-05-11,0.1001
2004-05-10,0.1149
2004-05-07,0.1790
2004-05-06,0.2183
2004-05-05,0.2523
2004-05-04,0.2757
2004-05-03,0.2980
2004-04-30,0.3368
2004-04-29,0.3428
2004-04-28,0.3536
2004-04-27,0.3073
2004-04-26,0.2335
2004-04-23,0.1044
2004-04-22,-0.0558
2004-04-21,-0.0669
2004-04-20,-0.0660
2004-04-19,-0.0924
2004-04-16,-0.0667
2004-04-15,-0.0574
2004-04-14,-0.0711
2004-04-13,-0.0693
2004-04-12,-0.0943
2004-04-08,-0.1047
2004-04-07,-0.1489
2004-04-06,-0.1961
2004-04-05,-0.2565
2004-04-02,-0.3340
2004-04-01,-0.3945
2004-03-31,-0.4129
2004-03-30,-0.4549
2004-03-29,-0.5019
2004-03-26,-0.5596
2004-03-25,-0.6119
2004-03-24,-0.6178
2004-03-23,-0.5920
2004-03-22,-0.5779
2004-03-19,-0.5413
2004-03-18,-0.5183
2004-03-17,-0.4937
2004-03-16,-0.4845
2004-03-15,-0.4678
2004-03-12,-0.4458
2004-03-11,-0.4164
2004-03-10,-0.3544
2004-03-09,-0.3169
2004-03-08,-0.2757
2004-03-05,-0.2741
2004-03-04,-0.2599
2004-03-03,-0.2523
2004-03-02,-0.2368
2004-03-01,-0.2421
2004-02-27,-0.2474
2004-02-26,-0.2333
2004-02-25,-0.2272
2004-02-24,-0.2425
2004-02-23,-0.2290
2004-02-20,-0.2237
2004-02-19,-0.2035
2004-02-18,-0.2002
2004-02-17,-0.1951
2004-02-13,-0.1634
2004-02-12,-0.1490
2004-02-11,-0.1398
2004-02-10,-0.1116
2004-02-09,-0.0649
2004-02-06,-0.0370
2004-02-05,0.0176
2004-02-04,0.0808
2004-02-03,0.1512
2004-02-02,0.2114
2004-01-30,0.2637
2004-01-29,0.3043
2004-01-28,0.3587
2004-01-27,0.3721
2004-01-26,0.3512
2004-01-23,0.3307
2004-01-22,0.3220
2004-01-21,0.2960
2004-01-20,0.2831
2004-01-16,0.2766
2004-01-15,0.2899
2004-01-14,0.3219
2004-01-13,0.3621
2004-01-12,0.4052
2004-01-09,0.4410
2004-01-08,0.4436
2004-01-07,0.4039
2004-01-06,0.3697
2004-01-05,0.3187
2004-01-02,0.2958
2003-12-31,0.2775
2003-12-30,0.2663
2003-12-29,0.2493
2003-12-26,0.2443
2003-12-24,0.2506
2003-12-23,0.2459
2003-12-22,0.2332
2003-12-19,0.2147
2003-12-18,0.1543
2003-12-17,0.1147
2003-12-16,0.0686
2003-12-15,0.0301
2003-12-12,-0.0418
2003-12-11,-0.0963
2003-12-10,-0.1544
2003-12-09,-0.2120
2003-12-08,-0.2814
2003-12-05,-0.3332
2003-12-04,-0.3783
2003-12-03,-0.4060
2003-12-02,-0.4455
2003-12-01,-0.5027
2003-11-28,-0.5633
2003-11-26,-0.5918
2003-11-25,-0.6307
2003-11-24,-0.6977
2003-11-21,-0.7180
2003-11-20,-0.7335
2003-11-19,-0.7264
2003-11-18,-0.7189
2003-11-17,-0.7030
2003-11-14,-0.6786
2003-11-13,-0.6691
2003-11-12,-0.6635
2003-11-11,-0.6458
2003-11-10,-0.6300
2003-11-07,-0.6119
2003-11-06,-0.6063
2003-11-05,-0.5782
2003-11-04,-0.5228
2003-11-03,-0.4892
2003-10-31,-0.4147
2003-10-30,-0.3157
2003-10-29,-0.2499
2003-10-28,-0.1775
2003-10-27,-0.0754
2003-10-24,0.0743
2003-10-23,0.2276
2003-10-22,0.2724
2003-10-21,0.2940
2003-10-20,0.2848
2003-10-17,0.3096
2003-10-16,0.3031
2003-10-15,0.3281
2003-10-14,0.3257
2003-10-13,0.3729
2003-10-10,0.3951
2003-10-09,0.4249
2003-10-08,0.4251
2003-10-07,0.4049
2003-10-06,0.4090
2003-10-03,0.3939
2003-10-02,0.3679
2003-10-01,0.4017
2003-09-30,0.4818
2003-09-29,0.5199
2003-09-26,0.5794
2003-09-25,0.6611
2003-09-24,0.7354
2003-09-23,0.7035
2003-09-22,0.7025
2003-09-19,0.6634
2003-09-18,0.5662
2003-09-17,0.5632
2003-09-16,0.5237
2003-09-15,0.5013
2003-09-12,0.4695
2003-09-11,0.5127
2003-09-10,0.5421
2003-09-09,0.5340
2003-09-08,0.4528
2003-09-05,0.3690
2003-09-04,0.2730
2003-09-03,0.1597
2003-09-02,0.0821
2003-08-29,0.0550
2003-08-28,0.0442
2003-08-27,0.0257
2003-08-26,0.0006
2003-08-25,-0.0110
2003-08-22,-0.0257
2003-08-21,-0.0919
2003-08-20,-0.1619
2003-08-19,-0.2131
2003-08-18,-0.2297
2003-08-15,-0.2179
2003-08-14,-0.2049
2003-08-13,-0.1903
2003-08-12,-0.1821
2003-08-11,-0.1609
2003-08-08,-0.1214
2003-08-07,-0.0966
2003-08-06,-0.0472
2003-08-05,0.0347
2003-08-04,0.0605
2003-08-01,0.1087
2003-07-31,0.1504
2003-07-30,0.1739
2003-07-29,0.2156
2003-07-28,0.2230
2003-07-25,0.2230
2003-07-24,0.2870
2003-07-23,0.3137
2003-07-22,0.3797
2003-07-21,0.4728
2003-07-18,0.5246
2003-07-17,0.5587
2003-07-16,0.5911
2003-07-15,0.5810
2003-07-14,0.5688
2003-07-11,0.5288
2003-07-10,0.5391
2003-07-09,0.5140
2003-07-08,0.4429
2003-07-07,0.3762
2003-07-03,0.3101
2003-07-02,0.2547
2003-07-01,0.1998
2003-06-30,0.2193
2003-06-27,0.2055
2003-06-26,0.1838
2003-06-25,0.2105
2003-06-24,0.2161
2003-06-23,0.2190
2003-06-20,0.1696
2003-06-19,0.0838
2003-06-18,-0.0015
2003-06-17,-0.0992
2003-06-16,-0.1877
2003-06-13,-0.2126
2003-06-12,-0.2819
2003-06-11,-0.3428
2003-06-10,-0.3850
2003-06-09,-0.3590
2003-06-06,-0.2982
2003-06-05,-0.2896
2003-06-04,-0.2774
2003-06-03,-0.3107
2003-06-02,-0.3243
2003-05-30,-0.3603
2003-05-29,-0.3757
2003-05-28,-0.3633
2003-05-27,-0.3737
2003-05-23,-0.3277
2003-05-22,-0.2591
2003-05-21,-0.1677
2003-05-20,-0.0925
2003-05-19,-0.0185
2003-05-16,0.0212
2003-05-15,0.0227
2003-05-14,0.0273
2003-05-13,0.0094
2003-05-12,-0.0096
2003-05-09,-0.0448
2003-05-08,-0.0636
2003-05-07,-0.0715
2003-05-06,-0.1171
2003-05-05,-0.1482
2003-05-02,-0.2254
2003-05-01,-0.2596
2003-04-30,-0.2883
2003-04-29,-0.3401
2003-04-28,-0.4236
2003-04-25,-0.4670
2003-04-24,-0.5096
2003-04-23,-0.5717
2003-04-22,-0.6702
2003-04-21,-0.7159
2003-04-17,-0.8198
2003-04-16,-0.8550
2003-04-15,-0.9720
2003-04-14,-1.0136
2003-04-11,-1.0101
2003-04-10,-1.0541
2003-04-09,-1.0766
2003-04-08,-1.1812
2003-04-07,-1.2671
2003-04-04,-1.4520
2003-04-03,-1.6189
2003-04-02,-1.8319
2003-04-01,-1.9865
2003-03-31,-2.0897
2003-03-28,-2.1697
2003-03-27,-2.2830
2003-03-26,-2.4218
2003-03-25,-2.6168
2003-03-24,-2.8419
2003-03-21,-3.0827
2003-03-20,-3.4675
2003-03-19,-3.8338
2003-03-18,-4.2414
2003-03-17,-4.6910
2003-03-14,-5.0570
2003-03-13,-5.4669
2003-03-12,-5.8128
2003-03-11,-6.0771
2003-03-10,-6.3515
2003-03-07,-6.6348
2003-03-06,-6.8633
2003-03-05,-7.0775
2003-03-04,-7.2377
2003-03-03,-7.3889
2003-02-28,-7.5191
2003-02-27,-7.5475
2003-02-26,-7.4903
2003-02-25,-7.3255
2003-02-24,-6.9548
2003-02-21,-6.4720
2003-02-20,-5.7465
2003-02-19,-4.7857
2003-02-18,-3.4948
2003-02-14,-1.7761
2003-02-13,-1.8606
2003-02-12,-1.8559
2003-02-11,-1.8371
2003-02-10,-1.8628
2003-02-07,-1.8176
2003-02-06,-1.8434
2003-02-05,-1.7457
2003-02-04,-1.6944
2003-02-03,-1.6012
2003-01-31,-1.4722
2003-01-30,-1.2372
2003-01-29,-1.1952
2003-01-28,-0.9787
2003-01-27,-0.7858
2003-01-24,-0.4905
2003-01-23,-0.3823
2003-01-22,-0.2306
2003-01-21,0.0030
2003-01-17,0.2727
2003-01-16,0.5040
2003-01-15,0.4478
2003-01-14,0.3002
2003-01-13,0.1757
2003-01-10,-0.0050
2003-01-09,-0.0911
2003-01-08,-0.1610
2003-01-07,-0.3140
2003-01-06,-0.4589
2003-01-03,-0.5456
2003-01-02,-0.6044
2002-12-31,-0.5394
2002-12-30,-0.4934
2002-12-27,-0.4550
2002-12-26,-0.4269
2002-12-24,-0.4611
2002-12-23,-0.4483
2002-12-20,-0.3754
2002-12-19,-0.3217
2002-12-18,-0.2241
2002-12-17,-0.1563
2002-12-16,-0.1266
2002-12-13,0.0578
2002-12-12,0.2230
2002-12-11,0.2963
2002-12-10,0.5026
2002-12-09,0.7881
2002-12-06,0.9945
2002-12-05,1.2566
2002-12-04,1.3612
2002-12-03,1.5583
2002-12-02,1.6701
2002-11-29,1.6491
2002-11-27,1.6207
2002-11-26,1.6454
2002-11-25,1.6488
2002-11-22,1.5865
2002-11-21,1.5460
2002-11-20,1.5197
2002-11-19,1.6646
2002-11-18,1.7703
2002-11-15,1.7370
2002-11-14,1.7048
2002-11-13,1.7010
2002-11-12,1.8496
2002-11-11,2.0267
2002-11-08,2.1244
2002-11-07,2.1235
2002-11-06,2.0712
2002-11-05,1.8938
2002-11-04,1.7630
2002-11-01,1.4717
2002-10-31,1.5184
2002-10-30,1.4785
2002-10-29,1.5068
2002-10-28,1.5261
2002-10-25,1.4014
2002-10-24,1.4406
2002-10-23,1.2549
2002-10-22,1.1962
2002-10-21,1.1038
2002-10-18,0.9149
2002-10-17,0.5963
2002-10-16,0.2135
2002-10-15,-0.0857
2002-10-14,-0.5549
2002-10-11,-0.8393
2002-10-10,-1.0994
2002-10-09,-1.0734
2002-10-08,-1.0479
2002-10-07,-1.0530
2002-10-04,-0.9486
2002-10-03,-0.9624
2002-10-02,-0.9569
2002-10-01,-1.0173
2002-09-30,-0.8985
2002-09-27,-0.7897
2002-09-26,-0.7584
2002-09-25,-0.8165
2002-09-24,-0.8064
2002-09-23,-0.6220
2002-09-20,-0.5578
2002-09-19,-0.5807
2002-09-18,-0.4967
2002-09-17,-0.3863
2002-09-16,-0.4383
2002-09-13,-0.3893
2002-09-12,-0.2499
2002-09-11,-0.1955
2002-09-10,-0.3351
2002-09-09,-0.3364
2002-09-06,-0.2017
2002-09-05,-0.0778
2002-09-04,0.1070
2002-09-03,0.3463
2002-08-30,0.5378
2002-08-29,0.6095
2002-08-28,0.8193
2002-08-27,0.9134
2002-08-26,0.8318
2002-08-23,0.6982
2002-08-22,0.5013
2002-08-21,0.2233
2002-08-20,-0.0034
2002-08-19,-0.2744
2002-08-16,-0.4799
2002-08-15,-0.6731
2002-08-14,-0.9638
2002-08-13,-1.0449
2002-08-12,-1.2085
2002-08-09,-1.3612
2002-08-08,-1.5912
2002-08-07,-1.7557
2002-08-06,-1.9289
2002-08-05,-1.9082
2002-08-02,-1.7919
2002-08-01,-1.7415
2002-07-31,-1.8627
2002-07-30,-1.9934
2002-07-29,-2.1250
2002-07-26,-2.1908
2002-07-25,-1.9263
2002-07-24,-1.7348
2002-07-23,-1.0884
2002-07-22,-0.7302
2002-07-19,-0.5128
2002-07-18,-0.3216
2002-07-17,-0.2958
2002-07-16,-0.3054
2002-07-15,-0.1900
2002-07-12,-0.0481
2002-07-11,-0.0679
2002-07-10,0.0433
2002-07-09,0.0165
2002-07-08,0.0208
2002-07-05,-0.0860
2002-07-03,-0.0867
2002-07-02,0.1020
2002-07-01,0.2253
2002-06-28,0.2023
2002-06-27,0.1262
2002-06-26,0.0221
2002-06-25,0.2504
2002-06-24,0.1665
2002-06-21,0.3227
2002-06-20,0.3841
2002-06-19,0.3580
2002-06-18,0.2076
2002-06-17,0.0064
2002-06-14,-0.2637
2002-06-13,-0.3490
2002-06-12,-0.6250
2002-06-11,-0.7379
2002-06-10,-0.9386
2002-06-07,-1.0192
2002-06-06,-0.9280
2002-06-05,-0.9621
2002-06-04,-0.8826
2002-06-03,-0.6737
2002-05-31,-0.5489
2002-05-30,-0.5761
2002-05-29,-0.4742
2002-05-28,-0.3382
2002-05-24,-0.3572
2002-05-23,-0.4323
2002-05-22,-0.4771
2002-05-21,-0.3409
2002-05-20,-0.3740
2002-05-17,-0.5686
2002-05-16,-0.8810
2002-05-15,-1.1142
2002-05-14,-1.3732
2002-05-13,-1.6747
2002-05-10,-1.6329
2002-05-09,-1.7676
2002-05-08,-2.1043
2002-05-07,-2.1847
2002-05-06,-2.0427
2002-05-03,-1.8583
2002-05-02,-1.7812
2002-05-01,-1.7973
2002-04-30,-1.7429
2002-04-29,-1.6420
2002-04-26,-1.4252
2002-04-25,-1.3925
2002-04-24,-1.2114
2002-04-23,-1.0593
2002-04-22,-1.0381
2002-04-19,-1.0795
2002-04-18,-1.2103
2002-04-17,-1.2934
2002-04-16,-1.4988
2002-04-15,-1.5813
2002-04-12,-1.6229
2002-04-11,-1.5659
2002-04-10,-1.5457
2002-04-09,-1.4190
2002-04-08,-1.4617
2002-04-05,-1.1864
2002-04-04,-1.0815
2002-04-03,-0.8392
2002-04-02,-0.6663
2002-04-01,-0.5847
2002-03-28,-0.5667
2002-03-27,-0.5477
2002-03-26,-0.3984
2002-03-25,-0.2326
2002-03-22,-0.1581
2002-03-21,-0.1187
2002-03-20,0.0188
2002-03-19,0.0729
2002-03-18,0.0614
2002-03-15,-0.0111
2002-03-14,0.0736
2002-03-13,0.0646
2002-03-12,0.0583
2002-03-11,0.0046
2002-03-08,-0.1648
2002-03-07,-0.3908
2002-03-06,-0.6777
2002-03-05,-0.9567
2002-03-04,-1.3079
2002-03-01,-1.5581
2002-02-28,-1.6317
2002-02-27,-1.6744
2002-02-26,-1.7342
2002-02-25,-1.7882
2002-02-22,-1.7131
2002-02-21,-1.6035
2002-02-20,-1.6104
2002-02-19,-1.5631
2002-02-15,-1.5319
2002-02-14,-1.6521
2002-02-13,-1.8121
2002-02-12,-1.8127
2002-02-11,-1.8105
2002-02-08,-1.7326
2002-02-07,-1.6191
2002-02-06,-1.4690
2002-02-05,-1.3894
2002-02-04,-1.1852
2002-02-01,-1.0702
2002-01-31,-1.0860
2002-01-30,-0.9794
2002-01-29,-0.7671
2002-01-28,-0.6325
2002-01-25,-0.4851
2002-01-24,-0.2858
2002-01-23,-0.0182
2002-01-22,0.3288
2002-01-18,0.5062
2002-01-17,0.6754
2002-01-16,0.7359
2002-01-15,0.7699
2002-01-14,0.8214
2002-01-11,0.9119
2002-01-10,0.8899
2002-01-09,0.9547
2002-01-08,0.8973
2002-01-07,0.9158
2002-01-04,0.8183
2002-01-03,0.7328
2002-01-02,0.8309
2001-12-31,0.9908
2001-12-28,1.0594
2001-12-27,1.0918
2001-12-26,1.1427
2001-12-24,1.2481
2001-12-21,1.3340
2001-12-20,1.3946
2001-12-19,1.3356
2001-12-18,1.2949
2001-12-17,1.1935
2001-12-14,1.2249
2001-12-13,1.3643
2001-12-12,1.4094
2001-12-11,1.4434
2001-12-10,1.4148
2001-12-07,1.3720
2001-12-06,1.2231
2001-12-05,1.0428
2001-12-04,0.9492
2001-12-03,0.9676
2001-11-30,1.0961
2001-11-29,1.1598
2001-11-28,1.3809
2001-11-27,1.6380
2001-11-26,1.7773
2001-11-23,1.9089
2001-11-21,2.1113
2001-11-20,2.3409
2001-11-19,2.3871
2001-11-16,2.4317
2001-11-15,2.4420
2001-11-14,2.4462
2001-11-13,2.1991
2001-11-12,1.9973
2001-11-09,1.9246
2001-11-08,1.8403
2001-11-07,1.6938
2001-11-06,1.5066
2001-11-05,1.4005
2001-11-02,1.3303
2001-11-01,1.2142
2001-10-31,1.2366
2001-10-30,1.3267
2001-10-29,1.4612
2001-10-26,1.2877
2001-10-25,1.0251
2001-10-24,0.8492
2001-10-23,0.6236
2001-10-22,0.3295
2001-10-19,0.2111
2001-10-18,0.1077
2001-10-17,0.0822
2001-10-16,-0.2346
2001-10-15,-0.5083
2001-10-12,-0.6497
2001-10-11,-0.8003
2001-10-10,-0.9871
2001-10-09,-0.9911
2001-10-08,-1.3790
2001-10-05,-1.7827
2001-10-04,-2.2069
2001-10-03,-2.7936
2001-10-02,-3.0497
2001-10-01,-3.2458
2001-09-28,-3.3785
2001-09-27,-3.3644
2001-09-26,-3.3463
2001-09-25,-3.4180
2001-09-24,-3.5373
2001-09-21,-3.4732
2001-09-20,-3.0629
2001-09-19,-2.9456
2001-09-18,-2.9679
2001-09-17,-2.8464
2001-09-10,-2.7119
2001-09-07,-2.5925
2001-09-06,-2.5235
2001-09-05,-2.4446
2001-09-04,-2.2697
2001-08-31,-2.1161
2001-08-30,-1.8548
2001-08-29,-1.7173
2001-08-28,-1.7214
2001-08-27,-1.8329
2001-08-24,-1.9038
2001-08-23,-1.7325
2001-08-22,-1.5975
2001-08-21,-1.4489
2001-08-20,-1.3979
2001-08-17,-1.2066
2001-08-16,-1.1608
2001-08-15,-0.9897
2001-08-14,-0.9474
2001-08-13,-0.9854
2001-08-10,-0.9677
2001-08-09,-0.8831
2001-08-08,-0.7838
2001-08-07,-0.8013
2001-08-06,-0.7642
2001-08-03,-0.7556
2001-08-02,-0.8121
2001-08-01,-0.8632
2001-07-31,-0.8741
2001-07-30,-0.7948
2001-07-27,-0.6454
2001-07-26,-0.4861
2001-07-25,-0.3847
2001-07-24,-0.1620
2001-07-23,0.0492
2001-07-20,0.0899
2001-07-19,0.2639
2001-07-18,0.1572
2001-07-17,0.0820
2001-07-16,-0.0214
2001-07-13,-0.2335
2001-07-12,-0.4956
2001-07-11,-0.7518
2001-07-10,-0.4070
2001-07-09,-0.1331
2001-07-06,0.1879
2001-07-05,0.3811
2001-07-03,0.4267
2001-07-02,0.4704
2001-06-29,0.3413
2001-06-28,0.1155
2001-06-27,-0.0675
2001-06-26,-0.1280
2001-06-25,0.0044
2001-06-22,0.0429
2001-06-21,-0.0002
2001-06-20,0.0314
2001-06-19,0.2759
2001-06-18,0.4751
2001-06-15,0.7488
2001-06-14,1.1320
2001-06-13,1.3288
2001-06-12,1.3743
2001-06-11,1.5173
2001-06-08,1.4914
2001-06-07,1.3501
2001-06-06,1.3110
2001-06-05,1.1636
2001-06-04,1.1754
2001-06-01,1.1948
2001-05-31,1.2989
2001-05-30,1.4240
2001-05-29,1.5559
2001-05-25,1.5754
2001-05-24,1.4897
2001-05-23,1.5339
2001-05-22,1.5221
2001-05-21,1.5806
2001-05-18,1.7749
2001-05-17,2.0336
2001-05-16,2.1908
2001-05-15,2.5020
2001-05-14,2.7570
2001-05-11,3.0027
2001-05-10,3.1881
2001-05-09,3.2592
2001-05-08,3.2913
2001-05-07,3.2325
2001-05-04,3.2041
2001-05-03,3.4094
2001-05-02,3.4946
2001-05-01,3.3744
2001-04-30,3.5118
2001-04-27,3.5477
2001-04-26,3.4399
2001-04-25,3.1974
2001-04-24,3.0960
2001-04-23,2.8573
2001-04-20,2.5202
2001-04-19,1.8304
2001-04-18,1.3804
2001-04-17,1.0324
2001-04-16,0.8654
2001-04-12,0.5501
2001-04-11,0.3271
2001-04-10,-0.0734
2001-04-09,-0.3086
2001-04-06,-0.4638
2001-04-05,-0.6358
2001-04-04,-0.5783
2001-04-03,-0.4588
2001-04-02,-0.4961
2001-03-30,-0.4856
2001-03-29,-0.5608
2001-03-28,-0.6110
2001-03-27,-0.8698
2001-03-26,-1.0531
2001-03-23,-1.3807
2001-03-22,-1.5557
2001-03-21,-1.3106
2001-03-20,-1.1507
2001-03-19,-1.1650
2001-03-16,-1.1603
2001-03-15,-0.9338
2001-03-14,-0.9172
2001-03-13,-0.5965
2001-03-12,-0.1470
2001-03-09,0.1744
2001-03-08,0.2511
2001-03-07,0.1040
2001-03-06,-0.0414
2001-03-05,-0.0991
2001-03-02,-0.0308
2001-03-01,0.0313
2001-02-28,0.0022
2001-02-27,-0.1368
2001-02-26,-0.2938
2001-02-23,-0.3119
2001-02-22,-0.0055
2001-02-21,0.1951
2001-02-20,0.5564
2001-02-16,0.7925
2001-02-15,1.1209
2001-02-14,1.3203
2001-02-13,1.6950
2001-02-12,1.9450
2001-02-09,2.3193
2001-02-08,2.5087
2001-02-07,2.4655
2001-02-06,2.5528
2001-02-05,2.6209
2001-02-02,2.8031
2001-02-01,2.8167
2001-01-31,2.9651
2001-01-30,2.8885
2001-01-29,2.5960
2001-01-26,2.2805
2001-01-25,2.1054
2001-01-24,1.6730
2001-01-23,1.2751
2001-01-22,0.8758
2001-01-19,0.2517
2001-01-18,-0.4723
2001-01-17,-0.7469
2001-01-16,-1.0805
2001-01-12,-1.4651
2001-01-11,-2.0874
2001-01-10,-2.6599
2001-01-09,-3.1483
2001-01-08,-3.6241
2001-01-05,-4.0707
2001-01-04,-4.5368
2001-01-03,-4.9954
2001-01-02,-5.0376
2000-12-29,-5.1140
2000-12-28,-5.1178
2000-12-27,-5.1693
2000-12-26,-5.2617
2000-12-22,-5.3795
2000-12-21,-5.2347
2000-12-20,-4.5665
2000-12-19,-3.8569
2000-12-18,-3.3665
2000-12-15,-2.8505
2000-12-14,-2.3591
2000-12-13,-2.3991
2000-12-12,-2.6760
2000-12-11,-2.7166
2000-12-08,-2.4937
2000-12-07,-2.0843
2000-12-06,-1.4103
2000-12-05,-1.1974
2000-12-04,-0.8258
2000-12-01,-0.1420
2000-11-30,0.6504
2000-11-29,1.2512
2000-11-28,1.5100
2000-11-27,1.5578
2000-11-24,1.3853
2000-11-22,1.3935
2000-11-21,1.6830
2000-11-20,1.8946
2000-11-17,2.0608
2000-11-16,2.1086
2000-11-15,2.1389
2000-11-14,2.1851
2000-11-13,2.3203
2000-11-10,2.5925
2000-11-09,2.5712
2000-11-08,2.6533
2000-11-07,2.4527
2000-11-06,2.3006
2000-11-03,2.1808
2000-11-02,1.9392
2000-11-01,1.4886
2000-10-31,1.0822
2000-10-30,0.4968
2000-10-27,-0.1049
2000-10-26,-0.5852
2000-10-25,-0.8140
2000-10-24,-1.1899
2000-10-23,-1.7227
2000-10-20,-2.5802
2000-10-19,-3.3002
2000-10-18,-3.8790
2000-10-17,-3.6642
2000-10-16,-3.5659
2000-10-13,-3.5536
2000-10-12,-3.5248
2000-10-11,-3.6842
2000-10-10,-3.5988
2000-10-09,-3.4315
2000-10-06,-3.3400
2000-10-05,-3.1930
2000-10-04,-2.9273
2000-10-03,-2.6353
2000-10-02,-2.5480
2000-09-29,-2.4952
2000-09-28,-2.4425
2000-09-27,-2.3203
2000-09-26,-2.3984
2000-09-25,-2.2086
2000-09-22,-2.1694
2000-09-21,-1.8721
2000-09-20,-1.7575
2000-09-19,-1.6743
2000-09-18,-1.4174
2000-09-15,-1.1321
2000-09-14,-0.8727
2000-09-13,-0.8597
2000-09-12,-0.7157
2000-09-11,-0.6425
2000-09-08,-0.5775
2000-09-07,-0.6134
2000-09-06,-0.6126
2000-09-05,-0.6088
2000-09-01,-0.5889
2000-08-31,-0.5551
2000-08-30,-0.5923
2000-08-29,-0.6129
2000-08-28,-0.6812
2000-08-25,-0.6567
2000-08-24,-0.6667
2000-08-23,-0.6627
2000-08-22,-0.6672
2000-08-21,-0.6633
2000-08-18,-0.6365
2000-08-17,-0.6368
2000-08-16,-0.6279
2000-08-15,-0.6838
2000-08-14,-0.7584
2000-08-11,-0.8741
2000-08-10,-1.0224
2000-08-09,-1.3362
2000-08-08,-1.7113
2000-08-07,-1.7893
2000-08-04,-1.8762
2000-08-03,-1.8835
2000-08-02,-1.7380
2000-08-01,-1.5648
2000-07-31,-1.4615
2000-07-28,-1.3338
2000-07-27,-1.2277
2000-07-26,-0.7619
2000-07-25,-0.2775
2000-07-24,0.1667
2000-07-21,0.6039
2000-07-20,0.8793
2000-07-19,1.3514
2000-07-18,1.6675
2000-07-17,1.8879
2000-07-14,2.0776
2000-07-13,2.1623
2000-07-12,2.3092
2000-07-11,2.5200
2000-07-10,2.6955
2000-07-07,2.6889
2000-07-06,2.5822
2000-07-05,2.6529
2000-07-03,2.6027
2000-06-30,2.5191
2000-06-29,2.6435
2000-06-28,2.6427
2000-06-27,2.5268
2000-06-26,2.3168
2000-06-23,2.1932
2000-06-22,1.7551
2000-06-21,1.0247
2000-06-20,0.5226
2000-06-19,0.1928
2000-06-16,-0.0975
2000-06-15,-0.4728
2000-06-14,-0.7607
2000-06-13,-1.0152
2000-06-12,-1.0137
2000-06-09,-1.2261
2000-06-08,-1.5426
2000-06-07,-2.1216
2000-06-06,-2.5946
2000-06-05,-3.0526
2000-06-02,-3.3718
2000-06-01,-3.7282
2000-05-31,-3.9629
2000-05-30,-4.1305
2000-05-26,-4.1621
2000-05-25,-4.1032
2000-05-24,-4.2229
2000-05-23,-4.1687
2000-05-22,-4.1153
2000-05-19,-4.1134
2000-05-18,-4.0767
2000-05-17,-4.2444
2000-05-16,-4.4792
2000-05-15,-4.7840
2000-05-12,-5.0464
2000-05-11,-5.2509
2000-05-10,-5.2503
2000-05-09,-5.2881
2000-05-08,-5.5080
2000-05-05,-5.7848
2000-05-04,-5.9838
2000-05-03,-6.1568
2000-05-02,-6.2942
2000-05-01,-6.6265
2000-04-28,-6.9603
2000-04-27,-7.0692
2000-04-26,-6.7684
2000-04-25,-6.5467
2000-04-24,-6.0412
2000-04-20,-5.1555
2000-04-19,-5.1076
2000-04-18,-5.2593
2000-04-17,-4.8735
2000-04-14,-4.0811
2000-04-13,-3.5062
2000-04-12,-2.8995
2000-04-11,-2.2103
2000-04-10,-1.6040
2000-04-07,-1.1631
2000-04-06,-0.4185
2000-04-05,0.4494
